"key","value"
"PLACEHOLDER","検索地図"
"TASK_LEFT","タスクが残り"
"TASKS_LEFT","タスクの左側"
"DAY_LEFT","残り日"
"DAYS_LEFT","残存日数"
"ADD_NEW_TASK","新しく追加する"
"IMPORT_BULK_TASKS","一括インポート"
"ALL_ALERTS","すべてのアラート"
"DASHBOARD","ダッシュボード"
"ANALYTICS","分析論"
"MORE","もっと"
"WHATS_NEW","新着情報"
"ACCOUNT","アカウント"
"SUPPORT","サポート"
"LOGOUT","ログアウト"
"TODAY","今日"
"NEW_DASHBOARD","新しいダッシュボード"
"BUSINESS_VIEW","ビジネスビュー"
"OLD_DASHBOARD","古いダッシュボードに切り替え"
"LIST","リスト"
"OVERALL","全体"
"UNVERIFIED","未確認"
"POWER_SETTINGS_NEW","power_settings_new"
"VISIT_BILLING_PAGE","課金ページをご覧ください"
"PAY_NOW","今払う"
"YOUR_TASSK_CREATED","あなたのタスク＃7548は、作成されています。"
"REPEAT_THIS_TASK","この作業を繰り返します"
"DONUT_SMALL","donut_small"
"PERSON","人"
"MORE_HORIZ","more_horiz"
"EXPLORE","探ります"
"REDEEM","買い戻します"
"EXIT_TO_APP","exit_to_app"
"BANNER","バナー"
"ANOTHER_OFFERING","別の売出しを追加"
"MENU","メニュー"
"ALERT_SOUND","警告音"
"FULL_SCREEN","全画面表示"
"ALERTS","アラート"
"TRAIL_PERIOD","トライアル期間"
"TASKS","タスク"
"OPTIMIZE_ROUTE","ルートの最適化"
"TIME","時間"
"FILTER","フィルタ"
"DISTANCE","距離"
"SELECT_UNASSIGNED","割り当てられていないタスクを選択します"
"TIME_RANGE","時間範囲"
"TO","に"
"NO_TASK_MSG","あなたが選択した時間範囲の任意のタスクを持っていません"
"SELECT","選択します"
"MIN_TASK","最小タスクごと"
"MAX_TASK","最大タスクごと"
"MAX","最大"
"MIN","分"
"ROUTE_OPTIMIZATION_PRIORITY","ルート最適化の優先順位"
"START_LOCATION","エージェントのスタート場所"
"CURRENT_LOCATION","現在位置"
"BUSINESS_LOCATION","事業拠点"
"CUSTOM_LOCATION","カスタム場所"
"SELECT_ALL","すべて選択"
"TASK","仕事"
"UNROUTED_TASK","未配線作業"
"TASKS_NOT_ROUTED","タスクはルーティングされませんでした"
"ROUTING","ルーティング"
"ROUTE_OPTIMIZATION_PARAMETERS","ルート最適化パラメータを選択します"
"OPTIMIZED_VIA","ルートが経由して最適化することができます"
"ENTER_CUSTOM_LOCATION","カスタム場所を入力します。"
"TASK_DURATION","タスクの所要時間は5分に等しいデフォルトであるが、それはカスタムタスク期間オプションを使用してカスタマイズすることができます。"
"DURATION_DEFAULT","タスクの期間は、終了時刻と開始時刻との差に等しいデフォルトであるが、それはカスタムタスク期間オプションを使用してカスタマイズすることができます。"
"DEFAULT_5MINUTES","タスクの期間は、デフォルトで5分です"
"DURATION_DIFFERENCE","タスクの期間は、デフォルトでは、開始と終了時刻との差です。"
"PER","あたり"
"CONSIDER_PICKUP_DELIVERY_TIME","考えてみて、ピックアップと配達時間"
"MINIMIZE_DRIVE_TIME","エージェントは、駆動時間を最小化"
"DRIVE_ON_TIME_END","エージェントは、常に時間に到着すべきです"
"WILL_BE_OPTIMIZE_TASK","タスクは終了時間の制約内で最適化されますが、割り当てられていないタスクをもたらすことができます"
"WILL_BE_OPTIMIZE_ENTIRE_TASK","タスクは関係なく、タスクの終了時間の全体の日のために最適化されます"
"custom_task_duration","カスタムタスク期間"
"MAX_task_per_fleet","MAXIMUM TASK PERエージェント"
"routed_task","ルーティングされたタスク"
"ASSIGN_AGENTS","エージェントの割り当て"
"SELECT_TEAM","チームを選ぶ"
"SUBMIT","提出します"
"DETAILS","細部"
"ADDRESS","住所"
"CUSTOMER_NAME","顧客名"
"CUSTOMER_PHONE","お客様の電話番号"
"TASK_ID","タスクID"
"TASK_DETAILS","タスクの詳細"
"TASK_TYPE","タスクの種類"
"DESCRIPTION","説明"
"TASK_STATUS","タスクステータス"
"CUSTOMER_DETAILS","お客様情報"
"COMPLETE_TIME","完全な時間"
"THIS","この"
"DELETED","削除されました"
"ADD_AGENT","エージェントを追加"
"LAST_NAME","苗字"
"PHONE","電話"
"ASSIGN","割り当てます"
"SCHEDULE_PERMISSIONS","エージェントへのスケジュールの権限"
"CONTACT","接触"
"NAME","あなたの名前は何ですか"
"TIMELINE","タイムライン"
"NO_TIMELINE","その日のために利用できませんタイムライン"
"NOT_UPDATED","更新されていない"
"LAST_STOPPAGE_TIME","最後のロスタイム"
"LAST_MOVING_TIME","最後の移動時間"
"AGENTS","検索エージェント"
"STATUS","状態"
"TASK_DESCRIPTION","タスク説明"
"CUSTOM_FIELDS","カスタム"
"REFERENCE_IMAGE","参照画像"
"ACTIVITY_TIMELINE","アクティビティタイムライン"
"PATH_HISTORY","パスの歴史"
"START_BEFORE","前に開始"
"COMPLETE_BEFORE","完了する前に"
"CUSTOMER","顧客"
"TOTAL_TIME_TAKEN","合計時間は、撮影します"
"DISTANCE_TRAVELLED","走行距離"
"REASSIGN","再割り当て"
"EDIT_TASKS","タスクの編集"
"DUPLICATE_TASKS","重複するタスク"
"CHANGE_STATUS","ステータスを変更する"
"DELETE_TASKS","タスクの削除"
"Export_Tasks","エクスポートタスク"
"CUSTOMER_RATING","お客様の採点"
"TASK_DETAIL","細部"
"HISTORY","歴史"
"CONNECTED_TASKS","接続されているタスク"
"TRACKING_LINK","追跡リンク"
"CLICK_TO_TRACK","追跡するには、ここをクリックし"
"PENDING","保留中"
"COMPLETED","完成しました"
"CANCELLED","キャンセル"
"NO_TASKS","その日のために利用できませんタスク"
"TEAM","チーム"
"SEEN","見て"
"UNSEEN","目に見えません"
"SEARCH_FLEET","サーチ"
"FLEET_RIGHT_2_TEXT_1","すべて"
"FLEET_TEAM","チーム"
"FLEET_NAME","エージェント名"
"FLEET_ID","エージェントID"
"FLEET_EMAIL","Eメール"
"FLEET_TAGS","タグ"
"PERMISSIONS","アクセス権"
"ACTIVATE","アクティブ化"
"MANAGER_RIGHT_2_CLICK_HERE","ここをクリック"
"SCHEDULE","アカウントのスケジュール。"
"CONTROL","コントロール"
"MANAGER","マネージャー"
"SUB_HEADER","あなたのエージェントに設定されたデフォルト勤務時間"
"SUB_HEADER_2","あなたのマネージャーのためのアクセス権を設定します。"
"MANAGER_RIGHT_1","管理者はアクセスできません。"
"MANAGER_RIGHT_2","管理者は、閲覧＆編集することができます"
"MANAGER_RIGHT_2_TEXT_1","すべての管理者は、デフォルトでアクセスすることができます。"
"MANAGER_RIGHT_2_TEXT_2","この設定を変更します。"
"SUB_HEADER_3","あなたのためのアクセス権を設定します。"
"FLEET_RIGHT_1","アクセスできません。"
"FLEET_RIGHT_2","閲覧＆編集することができます"
"FLEET_RIGHT_2_TEXT_2","デフォルトでアクセスすることができます。"
"FLEET_RIGHT_2_TEXT_3","この設定を変更します。"
"UPDATE_MANAGER_PERMISSIONS","Update Managerの権限"
"SET_MANAGER_RIGHTS","あなたのマネージャーのための表示と編集権を設定します"
"SEARCH_MANAGER","検索マネージャー"
"MANGER_NAME","マネージャーの名前"
"MANGER_EMAIL","マネージャーのメール"
"MANGER_TEAM","マネージャーチーム"
"MANAGER_ID","ID"
"SEARCH_TEAM","検索チーム"
"CANCEL_FILTERS","フィルタをキャンセル"
"SET_FLEET_RIGHTS","あなたのための表示と編集権を設定します"
"SEARCH_TAG","検索タグ"
"STEP","ステップ"
"OF","の"
"VIEW_ONLY","表示のみ"
"VIEW&EDIT","ビュー＆EDIT"
"SEARCH_MANAGER_PLACEHOLDER","マネージャーの名前"
"CUSTOM_RIGHT_AGENT","あなたはすべてのカスタム権限を設定しています"
"update_agent_schedule","अद्यतन कर्मचारी अनुसूची"
"activate_agent_schedule","सक्रिय कर्मचारी अनुसूची"
"search_customer","検索カスタマー"
"IMPORT_CSV","CSVのインポート"
"SELECT_FILE","ファイルを選ぶ"
"IMPORT_CUSTOMERS","インポートお客様"
"CLICK_HERE_TEXT","顧客のデータインポート用のサンプル値でCSVファイルテンプレートをダウンロードします"
"DRAG_DROP","ドラッグ＆ドロップCSVファイル"
"GET_IN_TOUCH","連絡する"
"SELECT_TEMPLATE","テンプレートを選択します"
"CREATE_TASK_VIA_CSV","CSV経由でタスクを作成します。"
"DOWNLOAD_SAMPLE_FILE","サンプルファイルをダウンロード"
"HAVE_CUSTOM_FILE","カスタムファイルをお持ちですか？"
"SELECT_CUSTOM_FIELD","カスタムフィールドテンプレートを選択します"
"REMOVE_TEMPLATE","テンプレートを削除します"
"DROP_FILE","添付するファイルをドロップしますか、"
"BROWSE","ブラウズ"
"CSV_UPLOAD","CSVアップロードレポート"
"REASON","理由"
"UPLOAD_STATUS","アップロードステータス"
"SUCCESS","成功"
"FAILED","失敗しました。"
"DELIVERY","配達"
"PICK_UP","拾う"
"CSV","CSV経由"
"CREATE","作ります"
"PICKUP","拾う"
"APP_ADD_REQ","予定のアドレスが必要です"
"ENSURE_FIELDS_BEFORE_UPLOAD","サンプルCSVのヘッダフィールドはアップロード前に変更されていないことを確認してください。"
"FOR","ために"
"HEADING","アカウントの設定"
"NEW_TASK","新しい仕事"
"AUTO_ASSIGN","自動割り当て"
"SELECT_AGENTS","選択エージェント"
"HELP_TEXT_1","あなたは、アクティブなを持っていません"
"CHANGE_TASK_STATUS","変更タスクのステータス"
"SELECT_A_TEAM","ルートを最適化する前にチームを選択"
"HELP_TEXT_2","たす"
"SELECT_DELIVERY_OPTIONS","フィールドを表示するには、配信オプションを選択します"
"SELECT_PICKUP_OPTIONS","選択したフィールドを表示するオプションを拾います"
"LATITUDE","緯度"
"LONGITUDE","経度"
"DELIVERY_ADDRESS","配信アドレス"
"TIMINGS","タイミング"
"PICKUP_TIME","お迎えの時間"
"GREATER_TIME","時間は、現在の時刻よりも大きくなければなりません"
"DELIVERY_TIME","納期"
"START_TIME","始まる時間"
"END_TIME","終了時間"
"ENT_TIME_GREATER","終了時刻は、開始時刻よりも大きくなければなりません"
"CLIENT","クライアント"
"REFERENCE_IMAGES","基準画像"
"ENABLE","有効"
"LABEL","ラベル"
"VALUE","フィールド値"
"ACTION","アクション"
"ADD_ROW","行を追加する"
"BUSSINESS_NAME","商号"
"MERCHANT_CONTACT","マーチャント問い合わせ"
"PICKUP_POINT","集荷場"
"START_WITH","皮切りに"
"LOCATION","ロケーション"
"ADD_CUSTOM_FIELDS","カスタムフィールドを追加します。"
"DELIVERY_TIME_GREATER","配達時間はお迎え時間よりも大きくなければなりません。"
"REPEAT_TASK","タスクを繰り返し"
"ASIGN_AGENT","エージェントの割り当て"
"VIA_PARTNER","パートナー経由"
"CREATE_TASK","アプリからタスクを作成します。"
"MANUALLY","手動"
"SWITCH_GEO_ON","ジオフェンシング上のスイッチ"
"SELECT_AGENT","Select_Agent"
"NO","いいえ"
"AVAILABLE","利用できます"
"YES","はい"
"PICK_UP_DETAILS","ピックアップ詳細"
"DELIVERY_DETAILS","配達の詳細"
"RESET","リセット"
"SELECT_PARTNER","パートナーを選択"
"ASSIGN_TASKS","同じチームに接続されているタスクを割り当てると、"
"ALL_TASKS","すべて"
"PICKUP_ADDRESS","アドレスをピックアップ"
"END_TIME_GREATER","終了時間*"
"Task_DESCRIPTION","タスク説明"
"ADD_GEOFENCE","ジオフェンスフィルタを有効にするには、タスクのアドレスを追加します。"
"NO_GEOFENCE","あなた避難所\ 'トンのセットアップ任意のジオフェンス領域はまだ"
"MATCHES_FILTER","フィルタに一致します"
"AUTO","オート"
"MANUAL","マニュアル"
"NO_TEAM","利用可能なチームは、継続するためのチームを追加しないでください。"
"NO_RESULT","検索結果はありません"
"AUTOMATIC_ASSIGN","自動割り当て"
"PARTNER","パートナー"
"DUPLICATE_STOP","停止を複製"
"UPDATE_STOP","更新停止"
"CREATE_STOP","停止を作成します"
"SELECT_A_PARTNER","パートナーを選択"
"ENTER_COMMA_SEPARATED_MSG","カンマ区切りを入力してください。"
"ENABLE_ACKNOWLEDGE_TYPE_NONE","承認タイプのどれを有効にしないために、自動割り当てを無効にしてください。"
"add_a_pickup_point","ピックアップポイントを追加"
"add_another_pickup_point","別のピックアップポイントを追加します。"
"add_a_delivery_point","配信ポイントを追加します。"
"add_another_delivery_point","別の配信ポイントを追加します。"
"automatically","自動的に"
"ENTER_BARCODE","バーコードを入力します。"
"ALL_TEAMS","すべてのチーム"
"BATTERY_LAVEL","電池残量"
"NEW","新しい"
"COPY_DESC_STOP","すべての停止にコピー説明"
"THIS_OVERRIDE_STOPS_DESC","これは、すべての説明を停止して無効にします"
"REASIGN_AGENT","エージェントを再割り当て"
"assign_connected_task_to_same_agent","同じチームとエージェントに接続されているタスクを割り当てます"
"NOTES","ノート"
"EMAIL_OPTIONAL","メール（オプション）"
"DELIVER_BEFORE","前に配信"
"PICKUP_BEFORE","ピックアップする前に"
"OR","若しくは"
"CLICK_OR_BROWSE","イメージファイルを参照するか、ドロップする]をクリックします"
"SHOW_COORDINATES","座標を示し、"
"REPEAT_HEADER","繰り返す"
"REPEATS_HEADER","繰り返し"
"REPEATS_ON","で繰り返さ"
"STARTS_ON","で開始"
"ENDS_ON","で終了"
"AFTER_TEXT","後に"
"OCCURENCES_TEXT","発生箇所"
"ON_TEXT","に"
"SUMMARY_TEXT","概要"
"DAILY","日々"
"MONTHLY","毎月"
"WEEKLY","ウィークリー"
"YEARLY","毎年"
"ALTERNATE_DAYS","隔日"
"FORTNIGHTLY","隔週"
"ALL_DAYS","全ての日"
"ENDS_AFTER","後に終了"
"FORCE_ARRIVAL","フォース到着"
"FORCE_COMPLETE","フォースコンプリート"
"UNASSIGN","割り当て解除"
"FORCE","力"
"ORDER_EDITED_MSG","この順序は、JDに編集されているので、新しいOM内のデータが正しくない可能性があります。正確な詳細については、以下のリンクを参照してください - "
"KM","キロ"
"ORDER","注文"
"DRIVER_INSTRUCTIONS","ドライバーの注意事項"
"MERCHANT","商人"
"AGENT","エージェント"
"STOPS","停止"
"STOP_ID","ストップID"
"DATE_TIME","日付時刻"
"PERFORM_MSG","あなたはこのアクションを実行しますか"
"FORCE_COMPLETE_ORDER","フォースコンプリート注文"
"RIDE_DISTANCE","ライドの距離"
"RETURN_DISTANCE","リターンの距離"
"PARKING_FARE","駐車運賃"
"RIDE_TIME","ライド時間"
"PICKUP_DISTANCE","ピックアップの距離"
"PICKUP_WAITING_TIME","ピックアップ待ち時間"
"DROP_ADDRESS","ドロップ住所"
"ADD_REMARKS","備考を追加"
"ACTIVATE_recur_task","あなたは反復タスクは、上の追加アクティブ化しますか？"
"DEACTIVATE_recur_task","あなたが本当にあなたのアドオンを無効にしたいですか？"
"DEACTIVATE_recur_task_sub_text","注：現在アクティブな定期的なルールはアクティブのままになり、そのタスクが設定どおりに作成されます。それらを無効にするには、定期的なルールの詳細ページから個別のルールを削除してください。"
"ACTIVATE_tookan_client","あなたはTookanクライアントが上の追加アクティブ化しますか？"
"ACTIVATE_tookan_partner","あなたはTookanパートナーの追加アクティブ化しますか？"
"DEACTIVATE_fugu_chat","これは、アプリのふぐチャットを無効にします。"
"ACTIVATE_rating_add_on","あなたは評価上の追加アクティブ化しますか？"
"ACTIVATE_barcode_add_on","あなたは、バーコードの追加アクティブ化しますか？"
"ACTIVATE_earning_pricing","アカウントのご獲得と価格を活性化させます"
"DEACTIVATE_earning_pricing","アカウントのご獲得および価格設定を無効にします"
"deactivate_fugu_for_app","これはあなたのエージェントアプリのふぐチャットを無効にします"
"fugu_for_business_app","あなたのビジネスAppのふぐチャット"
"activate_customer_rating","これは、あなたのアカウントにお客様の採点がアクティブになります。"
"deactivate_customer_rating","これは、あなたのアカウントにお客様の採点を無効にします。"
"deactivate_bar_code","これは、あなたのアカウントのためのバーコードを無効にします"
"activate_bar_code","これは、あなたのアカウントのためのバーコードが有効になります"
"idm_for_agent_app_activate","これはあなたのエージェントアプリケーションのためのID管理が有効になります"
"customer_signup_app_activate","これは、あなたの顧客のアプリケーションのための顧客のサインアップが有効になります。"
"till_end_of_march","月の終わりまで"
"go_to_fugu_dashboard","ふぐDashbaordに行きます"
"customer_signup_app_deactivate","これは、あなたの顧客Appのカ​​スタマー申し込みを無効にします。"
"idm_for_agent_app_deactivate","これはあなたのエージェントアプリケーションのためのID管理を無効にします"
"no_agent_matches","कोई एजेंट फ़िल्टर से मेल खाता"
"lower_case_category","वर्ग"
"HIDDEN_FIELD","非表示フィールド"
"TASK_TEMPLATES","テンプレート"
"TEMPLATE_NAME","テンプレート名"
"READ_ONLY","読み取り専用"
"ADD_CUSTOM_FIELD","カスタムフィールドを追加します。"
"CUSTOM_TEMPLATE_NAME","カスタムテンプレートの名前"
"DELETE_MSG","本気ですか？これは、元に戻すことはできません。"
"INPUT_TYPE_DROPDOWN","入力タイプ：ドロップダウン"
"HELP_MSG_1","入力タイプがドロップダウンがある場合には、フィールド値としてカンマ区切りを挿入します。値をカンマで区切られ、これらは、上のドロップダウンのオプションとして表示されます"
"APP","アプリ"
"INPUT_TYPE_CHECKLIST","入力タイプ：チェックリスト"
"HELP_MSG_2","入力タイプがチェックリストである場合には、フィールドvalue.Theseのカンマ区切り値は、上のチェックリストのオプションとして表示されますように、カンマ区切りの値を挿入"
"INPUT_TYPE_DATA_FUTURE","入力種類：日付-未来"
"HELP_TEXT_3","に行きます"
"INPUT_TYPE_DATA_PAST","入力種類：日、過去"
"HELP_TEXT_4","ページ。追加された後は、"
"ADD_TEMPLATE","テンプレートの追加"
"TABLE_DETAIL","表の詳細"
"INPUT_TYPE","入力タイプ"
"NUMBER","数"
"TEXT","テキスト"
"TELEPHONE","電話"
"HEADER_NAME","ヘッダ名"
"ADD_MORE","さらに追加"
"CUSTOM_FIELD_TEMPLATE","カスタムフィールドテンプレート"
"TEMPLATES_SUB_HEADING","カスタムフィールドは、あなたのビジネスに特有の形で情報をキャプチャすることができます。"
"EDIT_TEMPLATE","テンプレートの編集"
"DUPLICATE_TEMPLATE","テンプレートの複製"
"DELETE_TEMPLATE","テンプレートの削除"
"TEMPLATE_LIBRARY","テンプレートライブラリ"
"ADD_TO_MY_TEMPLATE","マイテンプレートに追加"
"SAMPLE_HELP_TEXT","あなたのテンプレートリストに追加したら、あなたは、このテンプレートを編集することができます。"
"TEMPLATE_NAME_TOOLTIP","タスクを作成しながら、あなたは正しいものを選択できるように、あなたのテンプレートに簡単に名前を付けます。 （スペースは使用できません）"
"FIELD_NAME","フィールド名"
"ACTIONABLE","アクショナブル"
"FIELD_MANDATE","フィールドの委任"
"ADD_COLUMN","列の追加"
"ADVANCED","高度な"
"APP_POPUP_NOTIFICATION","アプリのポップアップ通知"
"APP_POPUP_NOTIFICATION_TOOLTIP","タスクがあなたのエージェントに送信されたときにアプリポップアップ通知に反映されるフィールドを設定します。"
"PAYMENT_INVOICE_TEMPLATE","支払請求書のテンプレート"
"PAYMENT_INVOICE_TEMPLATE_TEXT_1","タスクはcomplete.Youでも使用することができた後、アプリ内でのエージェントに表示されますダイナミックな支払請求書のテンプレートを作成します"
"PAYMENT_INVOICE_TEMPLATE_TEXT_2","アプリ内で、タスクがある後complete.Youも使用することができます"
"PAYMENT_INVOICE_TEMPLATE_TEXT_3","演算のif-else式"
"PAYMENT_INVOICE_TEMPLATE_TEXT_4","このテンプレートを作成中。"
"FIELD_NAME_TOOLTIP","フィールド名はエージェントのモバイルアプリに直接反映させるため、関連するそれらを保ちます。"
"APP_SIDE_DISPLAY_TOOLTIP","読み＆書き（エージェントがフィールドを追加または変更することができます）、または、それがエージェントから隠されている、（エージェントのみ見ることができます）のみ読み取る権限。"
"INPUT_TYPE_TOOLTIP","正しいデータ型で、入力されたデータを検証します。あなたは番号、電子メール、テキストなどのようなオプションを取得します..."
"TEMPLATE_VALUE_TOOLTIP","タスクを作成したり（読み取り/書き込みオプションを指定して）エージェントは、モバイルアプリから値を追加することを可能にしながら、値を追加し、フィールドの値を事前に定義します。"
"TEMPLATE_MANDATORY_TOOLTIP","タスクを完了しながら、フィールドが必須か必須ではありませんかどうかを選択します。 （必須フィールドが充填されていない場合、エージェントは、タスクを完了することはできません）"
"TEMPLATE_MANDATORY_TOOLTIP_1","あなたが上に反映したいオプションを設定します"
"INVOICE_SAMPLE","支払請求書のサンプル式"
"AIRTMETIC_TYPES","各種の演算の種類とあなたがダイナミックな請求書を生成するために使用できるかどうか、他の表現があります。以下は、あなたのビジネス要件に応じて使用したり、変更することができ、いくつかの例があります"
"SIMPLE_AIRTMETIC","単純な算術"
"COMPLEX_AIRTMETIC","複素数"
"SIMPLE_IF_ELSE","シンプルなのif-else（距離や時間に基づいて計算する運賃）"
"COMPLEX_IF_ELSE","コンプレックスのif-else"
"READ_MORE","これについての詳細を読みます"
"HELP","助けて"
"INPUT_TYPE_TEXT","入力タイプがドロップダウンまたはチェックリストである場合、フィールド値としてカンマ区切りを挿入します。値がドロップダウン/チェックリストのためのオプションとして表示されますカンマ区切りこれらの"
"MY_TEMPLATES","マイテンプレート"
"SELECT_DATA_TYPE","データの種類を選択"
"DELETE","削除"
"ALLOW_AGENT_INPUT","エージェントの入力を許可します"
"APP_SIDE_DISPLAY","アプリ側表示"
"MANDATORY","必須の"
"COLUMN","カラム"
"NONE_SELECTED","何も選択されていません"
"FIELD_1","フィールド1"
"FIELD_2","フィールド2"
"SELECT_TAG","タグを選択"
"TIME_SPENT_FOR_JOBS","時間は仕事のために費やしました"
"EARNING_RULE","収益ルール"
"RULE_NAME","ルール名"
"SAVE_TEMPLATE_MSG","あなたは、タスクの価格設定を追加し、ルールのルールを獲得する前にテンプレートを保存する必要があります。"
"ADD_RULE","ルールの追加"
"DRIVER_EARNINGS","ドライバーの利益"
"FEES_EARNED_PER_TASK","タスクごとに発生する収入"
"BASE_FARE","基本運賃"
"DURATION_FEE","期間料金"
"DISTANCE_FEE","距離料"
"DEDUCTIONS","控除"
"FEES_DEDUCTED_PER_TASK","タスクごとの控除料金"
"COMMISSION","手数料"
"SAVE_CHANGES","変更内容を保存"
"FORMULA_NAME","式の名前"
"FORMULA","式"
"FINAL_EARNING","最終的なご獲得"
"APPLY_TO","に適用されます"
"ALL_AGENTS","すべてのエージェント/"
"SELECTED_AGENTS","選択したエージェント"
"PICKUP_ONLY","ピックアップのみ"
"DELIVERY_ONLY","配達のみ"
"BOTH","ピックアップ＆デリバリーの両方"
"UPDATE_CHANGES","アップデートの変更点"
"ADDITIONS","追加"
"TASK_PRICING_AND_EARNING_RULE","タスクの価格と収益ルール"
"DEDUCTION","控除"
"APPLIES_TO","に適用されます"
"DATE","日付"
"DATE_FUTURE","日付、今後の"
"DATE_PAST","日付、過去"
"DATETIME_FUTURE","日時・フューチャー"
"DATETIME_PAST","日時、過去"
"EMAIL","Eメール"
"URL","URL"
"TABLE","表"
"BARCODE","バーコード"
"CHECKBOX","チェックボックス"
"CHECKLIST","チェックリスト"
"DROPDOWN","落ちる"
"IMAGE","画像"
"CAMERA_GALLERY","カメラとギャラリー"
"CAMERA_ONLY","カメラのみ"
"NOT_MANDATORY","必須ではありません"
"audio","ऑडियो"
"RATING","格付け"
"Ratings_&_REVIEW","評価とレビュー"
"EXPORT_TABLE_AS_CSV","CSVとしてエクスポートテーブル"
"FEEDBACK","フィードバック"
"review","レビュー"
"REFRESH","リフレッシュ"
"TEAM_NAME","チームの名前"
"MANAGE_SCHEDULE","スケジュールを管理します"
"SETTINGS","設定"
"SEARCH_BY_PLACEHOLDER","で検索"
"SEARCH_BY_PLACEHOLDER_1","またはチーム名"
"BUSY","忙しい"
"UNAVAILABLE","無効"
"AVAILABLE_HOURS","利用可能な時間"
"BOOKED_TIME","予約された時間"
"AVAILABILITY","可用性"
"UNAVAILABLE_TIME","使用不可時間"
"NO_DATA","データなし"
"JOBS_AVAILABLE","利用可能なジョブ"
"ENABLE_AVAILABILITY","可用性を有効にします"
"BILLING_DETAILS","支払明細"
"UPGRADE_PLANS","アップグレードプラン"
"NAME_OF_THE_PLAN","プランの名前"
"CHANGE_PLAN","変更計画"
"ACCOUNT_NAME","アカウント名"
"NEXT_BILLING_DATE","次回請求日"
"CREDIT_CARD_DETAILS","クレジットカードの詳細"
"ADD_CARD","カードを追加"
"CHANGE_CARD","チェンジカード"
"PAYMENT_HISTORY","支払歴"
"RECEIPT_NUMEBR","受付番号"
"AMOUNT","量"
"BILLING_MONTH","請求月"
"TRAIL_PERIOD_EXPIRE","試用期間の有効期限"
"PLAN","計画"
"EXPIRY_DATE","有効期限"
"CREDITS","クレジット"
"CARD_DETAILS","カードの詳細"
"UPGRADE_PLAN","来月の1日まで待つかのAppを使用して続行するにはあなたの計画をアップグレードしてください。"
"CURRENT_TOTAL","あなたの現在のビジネスは、合計が関与します"
"CURRENT_TOTAL_AND","そして"
"CHOOSE_PLAN","プランを選択します。"
"PAYABLE_MONTHLY","買掛金月刊"
"BASED","ベース"
"SHORT_BUSINESSES","短時間の作業での企業のための好ましいです"
"DEALING_LARGE","可算従業員に対するタスクの非常に大きなプールを扱う場合に有利。"
"AGAINST_WORKFORCE","可算労働力に対して。"
"UNLIMITED","アンリミテッド"
"BUSINESSES_INVOLVING","複数の営業日終了時点での作業に関わる企業にとって好ましいです。"
"MULTIPLE_DAYS","複数の営業日終了時点で。"
"PAY_JUST","ちょうど支払います"
"UNDERTAKEN","着手"
"NO_RESTRICTION","労働力の制限なし"
"FREE_FOREVER","無料フォーエバー"
"ALLOW_USAGE","唯一の3物質の使用を許可します"
"UPTO_300","月額300のタスク件まで"
"PER_MONTH","月額"
"NO_BILLS","永遠ません法案"
"PAY_PER_AGENTS","PERエージェントを支払います"
"CARD_NUMBER","カード番号"
"SKIP","スキップ"
"CANCEL","キャンセル"
"NO_CARD","いいえクレジットカードは追加されていません"
"CHOOSE_RIGHT_PLAN","あなたのための右の計画を選択します。"
"MONTH","月"
"ALLOW_USAGE_ONLY","のみの使用を許可します"
"ADDIIONAL_STOP_SAME_TASK","同じタスク内で追加の停止"
"BULK_TASK","一括タスク"
"TASK_EMI","タスクEMI"
"TASK_BASED","タスクベース"
"CURRENT_PLAN","現在の計画"
"DELETE_ACCOUNT","アカウントを削除する"
"TOTAL_PENDING_PAYMENT","総保留中の支払いがあります"
"INVOICE","請求書"
"UPTO","点で最大"
"MMYY","MM / YYYY"
"CVV","CVV"
"TASKPER_MOTH","月額タスク"
"UNLIMITED_TASK","エージェントあたりの無制限のタスク"
"PAY_PER_TASK","パータスクを支払います"
"agnet_based_plan","エージェントベースプラン"
"agnet_emi","エージェントEMI"
"bulk_agent","バルクエージェント"
"task_plural","タスク"
"agent_plural","エージェント"
"agent_plural1","エージェント"
"you_can_add_only_3","あなたは、この計画のみで3つのドライバーを選択することができます"
"TEAMS","チーム"
"MANAGERS","マネージャー"
"ADD_MANAGER","マネージャーを追加"
"ALLOW_ACCESS_TO_UNASSIGNED_TASKS","割り当てられていないタスクへのアクセスを許可します"
"ASSIGN_TEAMS","チームを割り当てます（複数可）"
"EDIT_MANAGER","編集マネージャー"
"DELETE_MANAGER","マネージャの削除"
"PASSWORD","パスワード"
"ALLOW_CREATE_TASK","タスクの作成を許可"
"ALLOW_EDIT_TASK","許可するタスクの編集"
"FIRST_NAME","ファーストネーム"
"USERNAME","ユーザー名"
"ACTIONS","行動"
"MANAGER_HEADING","作成したタスクを編集して、チーム内のエージェントに割り当てるために管理者を追加します。管理者に複数のチームを割り当て、エージェントを追加したり、未割り当てタスクへのアクセスを許可する権限を与えます。"
"OPTIONAL","オプショナル"
"MANAGER_HEADING_1","複数のチームは、経営者に割り当てることができ、それらは、インターン、未割り当てタスクを管理するドライバを追加し、タスクなどに割り当てることができます"
"MANAGER_HEADING_2","彼らのチームインチ管理者に複数のチームを割り当て、追加するための権限を与えます"
"MANAGER_HEADING_3","または割り当てられていないタスクへのアクセスを許可します。"
"ALLOW_ADD_AGENTS Agent","エージェントを追加許可"
"CUSTOMERS","お客様"
"EXPORT_CUSTOMERS","輸出CUSTOMERS"
"ADD_CUSTOMER_VIA_CSV","CSVアップロードを介して顧客を追加します。"
"EDIT_CUSTOMER","編集カスタマー"
"CUSTOMER_EMAIL","お客様のEメール"
"CUSTOMER_ADDRESS","顧客の住所"
"DELETE_CUSTOMER","あなたは、この顧客を削除してもよろしいですか？"
"CLICK_TO_SHOW","詳細を表示するにはクリックしてください"
"NO_RESULTS","表示する結果いいえ"
"ENTER_LOCATION","有効な場所を入力してください。"
"SEARCH_PLACEHOLDER","住所で検索タスク"
"NEW_TASKS","新しいタスク"
"PICKUP_ADD","ピックアップアドレスが必要です"
"T_GREATER_CT","時間は、現在の時刻よりも大きくなければなりません。"
"TAB","タブ"
"DEL_ADDRESS","配信アドレスが必要です"
"DT_GREATER_PT","配達時間はお迎え時間よりも大きくなければなりません。"
"ET_GREATER_ST","終了時刻は、開始時刻よりも大きくなければなりません。"
"EDIT_STOP","編集停止"
"DELETE_CUSTOMER_?","顧客を削除しますか？"
"NOT_AVAILABLE","利用不可"
"AVG_RATING","平均格付け"
"ENTER_LOC","場所を入力します。"
"RATINGS_REVIEW","評価＆レビュー"
"BILLING","請求"
"ADD_ONS","市場"
"API_KEY","APIキー"
"PROMO","プロモーションコード"
"ADD_PROMO","プロモーションを追加"
"AUTO_ASSIGNMENT","自動割り当てが有効"
"VENDORS","ポータル"
"VENDORS_SETTING","ポータル"
"VENDORS_LIST","ポータルユーザー"
"WORKFLOW","ワークフロー"
"BUSINESS","事業の種類"
"NOTIFICATIONS","通知"
"GEOFENCE","ジオフェンス"
"PROFILE","プロフィール"
"BUSINESS_APP","ビジネスアプリケーション"
"CUSTOM_APPS","カスタムアプリ"
"CATEGORY","カテゴリー"
"PARENT_CATEGORY","親カテゴリ"
"SUBCATEGORY","サブカテゴリ"
"AGENT_SCHEDULE","エージェントのスケジュール"
"CUSTOMER_NOTIFICATIONS","お知らせ"
"TRIGGERS","トリガー"
"WEBHOOK","ウェブフック"
"SMS","あなたのSMSアカウント"
"PICKUP_NOTIFICATIONS","ピックアップ通知"
"DELIVERY_NOTIFICATIONS","配信通知"
"INSERT_TAG","タグを挿入"
"SUBJECT","テーマ"
"PREVIEW","プレビュー"
"MESSAGE","メッセージ"
"NOTIFICATION_TEXT","各トリガに基づいてカスタムのSMSの、メールやウェブフックを送信し、鉛筆アイコンをクリックしてコンテンツをカスタマイズ。"
"ENABLE_NOTIFICATION","あなたは、この通知を有効にしてもよろしいですか？"
"DISABLE_NOTIFICATION","あなたは、この通知を無効にしてもよろしいですか？"
"RATE_YOUR_FEEDBACK","あなたのフィードバックを評価"
"SELECT_WORKFLOW","ワークフローを選択"
"CHOOSE_THE_WORKFLOW_THAT_BEST_COMPLIMENTS_YOUR_BUISNESS","最良のあなたのビジネスを補完するワークフローを選択してください。"
"PICKUP_&_DELIVERY","ピックアップ＆デリバリー"
"MANAGE_ON_DEMAND_PICKUPS_AND_DELIVERIES_EFFICIENTLY","効率的に需要のピックアップや配送に管理します"
"BUISNESS_THAT_USE_THIS_WORKFLOW_INCLUDE","このワークフローを使用する事業は、"
"SMS_WEB","SMSとウェブフック"
"APPOINTMENT","任命"
"UPDATE","更新"
"EMAIL_ATTACHMENT","電子メールの添付ファイル"
"APPLICATION_JSON","アプリケーション/ JSON"
"APPLICATION_URLENCODED","アプリケーション/ x-www-form-urlencodedで"
"TAG","タグ"
"REQUEST_RECEIVED","リクエスト受信"
"AGENT_STARTED","エージェントが開始します"
"AGENT_ARRIVED","エージェントが到着します"
"SUCCESSFUL","成功しました"
"TASK_UPDATE","タスクの更新"
"REQUEST_ACCEPTED","リクエスト受理"
"CREATE_TEAM","チームを作成します。"
"EDIT_TEAM","編集チーム"
"HELP_TEXT_BATTERY_HEADING","エージェントアプリに設定された位置精度"
"TEAM_MEMBERS","チームメンバー"
"PLEASE_SELECT","選んでください"
"LOW","ロー"
"MEDIUM","中"
"HIGH","高い"
"HELP_TEXT_BATTERY_SUB_HEADING","（バッテリーの最適化のために）"
"HELP_TEXT_HIGH_DESC","（3秒ロケーションリフレッシュレート+ 30秒サーバーヒット）（GPS +ネットワークの場所）"
"HELP_TEXT_MEDIUM_DESC","（30秒場所のリフレッシュレート+ 30秒サーバーヒット）（GPS +ネットワークの場所）"
"HELP_TEXT_LOW_DESC","（60秒場所のリフレッシュレート+ 60秒サーバーヒット）（ネットワークの場所のみ）"
"HELP_TEXT_TAGS","カンマ区切りを挿入してください。これらのタグは、あなたのチームを分類するために使用されます。"
"ORGANIZE","あなたの整理"
"BASED_ON","地理、都市のゾーン、車両および他の要因の種類に基づいてグループです。"
"AND","そして"
"ASSIGNED_ATLEAST","少なくとも一つのチームに割り当てる必要があります。"
"ID","同上"
"NO_TRACKING","全く追跡しません"
"DELETE_TEXT","あなたの削除またはシフト"
"DELETE_TEXT_2","他のチームへ。チームを削除するために。"
"CREATE_A_TEAM","チーム]タブで、ドライバーのチームを作成します。"
"ENTER_NAME","チーム名を入力します。"
"SET_LOCATION","設定された位置精度"
"HELP_TEXT_NO_TRACKING_DESC","場所は、唯一のタスクのステータスの変更を追跡し、エージェントがアプリを開いたとき"
"SET_LOCATION_FOR_APP","ドライバーのAppの設定された位置の精度。"
"ORGANIZE_TEXT","地理学、都市のゾーン、車両およびその他の要因のタイプに基づいてグループにあなたのドライバーを整理します。地理、都市のゾーン、車両および他の要因の種類に基づいてグループで管理職。ドライバは、少なくとも一つのチームに割り当てる必要があります。"
"TAGS","TAGS"
"DELETE_TEAM","チームを削除します"
"ORGANIZE_TEXT_1","地理学、都市のゾーン、車両およびその他の要因のタイプに基づいてグループにあなたのエージェントを整理します。地理に基づいてグループでの管理者は、市内のゾーンは、車両及びその他のfactors.Agentのタイプは、少なくとも一つのチームに割り当てる必要があります。"
"ORGANIZE_TEXT_2","地理、都市のゾーン、車両および他の要因の種類に基づいてグループです。地理、都市のゾーン、車両および他の要因の種類に基づいてグループで管理職。"
"ORGANIZE_TEXT_3","少なくとも一つのチームに割り当てる必要があります。"
"ADD","加えます"
"IMPORT","輸入代理店"
"DEVICE_VERSION","デバイスバージョン"
"IN_TRANSIT","輸送中"
"FIRST_LOGIN_REQUIRED","まずログインが必要です"
"BLOCKED","ブロックされました"
"BLOCK_MSG","あなたは、このベンダーをブロックしますか"
"UNBLOCK_MSG","あなたは、このエージェントのブロックを解除してよろしいです"
"ASSIGN_TEAM","チームへの割り当て"
"TRANSPORT_TYPE","トランスポート・タイプ"
"TRANSPORT_DESC","輸送の説明（年、モデル）"
"LIC_PLATE","ライセンスプレート"
"COLOR","色"
"TAGS_HELP_TEXT","カンマ区切りを挿入してください。これらのタグは、を分類するために使用されます"
"IMPORT_LINK_TEXT","新しい追加するためのサンプル値でCSVファイルテンプレートをダウンロードします"
"SCHEDULE_TO","スケジュール権限へ"
"CANT_ACCESS","エージェントがアクセスできない"
"VIEW_AND_EDIT","見る＆編集することができます"
"DRIVERS","ドライバー"
"ADD_DRIVERS","ドライバを追加し、チームに割り当てます"
"CSV_HEADER","CSVヘッダ"
"TEAM_ID","ID"
"MANDATORY_CONDITION","必須（アプリにログインするために、エージェントによって使用されるログインユーザ名）"
"MANDATORY_TEAM_ID","必須（入力あなたはチームのページから入手することができ、数値チームのID）"
"OPTIONAL_CONDITION","オプション（あなたは空のままならば自動生成されます）"
"TRANSPORT_TYPE_5","トランスポートタイプ（0-5）"
"OPTIONAL_NUMERIC","オプション（入力あなたのための数値交通タイプ"
"AVAILABLE_TRANSPORT_TYPES","使用可能なトランスポートタイプ"
"CAR","車：0"
"MOTORCYCLE","モーターサイクル：1"
"BICYCLE","自転車：2"
"SCOOTER","スクーター：3"
"FOOT","足：4"
"TRUCK","トラック：5"
"TRANSPORT_DESCRIPTION","交通概要"
"LICENSE","ライセンス"
"DOWNLOAD_CSV","CSVファイルで、あなたのタスクデータをダウンロード"
"EMAIL_ADDRESS","電子メールアドレス"
"PHONE_NUMBER","電話番号"
"USER_NAME","ユーザー名"
"PROCEED_TO_DASHBOARD","ダッシュボードに進みます"
"PLEASE_SELECT_ATLEAST_ONE_VALUE","少なくとも1つの値を選択してください。"
"MEMBERS_RECEIVE_AN_EMAIL/SMS_TO_DOWNLOAD_THE_MOBILE_APP","メンバーは、モバイルアプリをダウンロードするには、電子メール/ SMSを受信します。"
"THE","ザ・"
"ADD_YOURSELF_AS","自分自身を追加します。"
"YOU_ADDED","あなたは、追加しました"
"FILTERS","フィルター"
"EDIT","編集"
"DEVICE_TYPE","デバイスタイプ"
"AGENTS_ID","ID"
"IDLE","アイドル"
"OFFLINE","オフライン"
"NEED_SIGNUP_VERIFICATION","申し込みの検証が必要です"
"UPDATE_AGENT","アップデートエージェント"
"FIELDS_SUBMITTED","サインアップの際に提出されたフィールド"
"REASON_FOR_RESUBMISSION","再提出の理由"
"REMAINING","残り"
"UPDATE_STATUS","最新状況"
"SELECT_AN_OFFERING","製品を選択"
"GENERAL","一般的な"
"CATEGORY_NAME","種別名"
"CAT_IMAGE","カテゴリーイメージ"
"FORM_ID","フォームID"
"ADD_CATEGORY","カテゴリを追加します"
"MAX_SIZE","最大サイズ"
"PER_KILO","キロメートル充電あたり"
"MIN_FARE","最低運賃"
"CANC_CHARGE","キャンセル料"
"CAT_TYPE","カテゴリタイプ"
"SET_IMAGE","設定されたカテゴリの画像"
"PER_MIN","分充電あたり"
"ALL_CATEGORIES","すべてのカテゴリ"
"CATEGORY_IMAGE","カテゴリーイメージ"
"SEL_CATEGORY_IMAGE","選択したカテゴリの画像"
"ALL_PROMO","すべてのプロモーション"
"PROMO_NAME","プロモ名"
"SHORT_DISCR","簡単な説明"
"TYPE","タイプ"
"STARTING","から始まる"
"ENDING","終了"
"EDIT_CATEGORY","カテゴリの編集"
"LAST_LOCATION","最後の場所"
"STORE_VERSION","ストアバージョン"
"AVG_CSTM_RAT","平均カスト評価"
"LAST_UPDATED_LOCATION_TIME","最終更新時間場所"
"FLEET_STATUS_COLOR","フリートステータスの色"
"SUB_CAT_NAME","サブカテゴリー名"
"agents_can_VIEW_ONLY","エージェントビューのみ"
"PERSONAL_ACCESS_TOKEN","個人的なアクセストークン"
"TEXT_1","API認証のための組み合わせ名とパスワードなどの個人アクセストークン機能。より多くのを見るのAPIドキュメント。"
"TEXT_2","APIドキュメント"
"TEXT_3","多くのための。"
"API_TOKEN","V1 APIアクセストークン"
"REFER_API","あなたは、V1のAPIドキュメントを参照することができます"
"REFER_API_HERE","ここに 。"
"API_DEPRECATED","これらのAPIは非推奨となり、2017年9月30日後のサポートを失うことになります"
"V2_API_KEYS","V2のAPIキー"
"GENERATE_KEY","キーを生成します"
"NO_API","いいえAPIキーません"
"REFER_API_V2","あなたはv2のAPIドキュメントを参照することができます"
"AUTHENTICATE_V2","キーはすべてのV2 APIリクエストを認証するために使用されています。"
"HERE","ここに"
"MAX_KEYS","あなたは10個のAPIキーの最大値を生成することができます。"
"DASHBOARD_MODULES","ダッシュボードやモバイルアプリモジュール"
"CHOOSE_WORKFLOW","最良のあなたのビジネス要件に合ったワークフローを選択してください。"
"PICKUP_&_DELIVERY_TEXT","オンデマンドのピックアップや配送を効率的に管理します。"
"APPOINTMENT_TEXT","在宅サービスを管理し、幸せなあなたの顧客を保ちます。"
"FIELD_WORKFORCE_TEXT","楽々あなたの路上顧客獲得のチームを管理します。"
"BUSINESS_TEXT","このワークフローを使用する事業は、次のとおりです。"
"FOOD_DELIVERY","フードデリバリー"
"COURIER_SERVICES","宅配便サービス"
"LAUNDRY_SERVICES","ランドリーサービス"
"GROCERY_DELIVERY","食料品の配達"
"ALCOHOL_DELIVERY","アルコール配信"
"MAKE_UP_ARTISTS","メイクアップアーティスト"
"WEDDING_STYLISTS","結婚式のスタイリスト"
"HOUSE_REPAIR_SERVICES","ハウス修理サービス"
"MASSAGE_THERAPISTS","マッサージセラピスト"
"AUTO_REPAIR_SERVICES","自動車修理サービス"
"FIELD_MARKETING","フィールドマーケティング"
"PRODUCT_DEMO","製品デモ"
"CUSTOMER_DEVELOPMENT","顧客獲得/開発"
"TARGET_MARKETING","ターゲットマーケティング/セールス"
"MARKET_RESEARCH","市場調査/調査"
"TASK_ATTRIBUTES_TEXT","あなたのビジネス要件に基づいてモジュールを選択することで、ダッシュボードをカスタマイズします。"
"ENABLE_AUTO_ASSIGNMENT","自動割り当てを有効にします"
"BROADCAST_TO_AGENTS","エージェントにブロードキャスト"
"ONE_BY_ONE","一つずつ"
"ONE_BE_ONE_HELP_TEXT_1","要求は、一つに進み"
"ONE_BE_ONE_HELP_TEXT_2","（最も近い＆利用可能）最初とタイマーが切れるか、エージェントがタスクを拒否した場合、それは次善のオプションに進みます。あなたはタイマーの有効期限を設定することができます。"
"REQUEST_EXPIRE","リクエストが有効期限："
"SECONDS","秒"
"SEND_TO_ALL","すべてに送ります"
"SEND_TO_ALL_HELP_TEXT_1","要求は、使用可能なすべてに送信されます"
"SEND_TO_ALL_HELP_TEXT_2","そして誰でもが/受け入れ、それを受信する最初のタスクを認めています。"
"START_RADIUS","スタート半径"
"ENTER_START_RADIUS","スタート半径を入力してください"
"RADIUS_INC","半径増分"
"ENTER_RADIUS_INC","半径増分を入力してください"
"MAXIMUM_RADIUS","最大半径"
"ENTER_MAX_RADIUS","最大半径を入力してください"
"BATCH_PROCESSING_TIME","バッチ処理時間"
"ENTER_BATCH_PROCESSING_TIME","バッチ処理時間を入力します。"
"REQ_TIME","リクエスト時間"
"ENTER_REQ_TIME","要求時間を入力します。"
"MAX_BATCH_SIZE","最大バッチサイズ"
"ENTER_MAX_BATCH_SIZE","最大バッチサイズを入力します。"
"BATCH_SIZE_INC","バッチサイズのインクリメント"
"ENTER_BATCH_SIZE_INC","バッチサイズの増分を入力してください"
"TASK_TIMER","タスクタイマー"
"ENTER_TASK_TIMER","タスクタイマーを入力してください"
"ATTEMPT_LIMIT","試行制限"
"ENTER_ATTEMPT_LIMIT","試行限界値を入力します。"
"CREATE_TEMPLATE","テンプレートの作成"
"MOBILE_APP_MODULES","モバイルアプリモジュール"
"MOBILE_APP_MODULES_TEXT","必要なモジュールを選択することで、モバイルアプリをカスタマイズし、携帯モックアップに住んで変更内容を表示。"
"ACKNOWLEDGEMENT_TYPE","謝辞タイプ"
"ACKNOWLEDGE","認める"
"ACCEPT_OR_DECLINE","/辞退を受け入れます"
"NONE","なし"
"ACTION_BLOCK","アクションブロック"
"ADD_NOTES","メモを追加"
"ADD_IMAGES","画像を追加"
"ADD_SIGNATURE","署名を追加"
"APP_MILESTONES","アプリのマイルストーン"
"SHOW_ARRIVED_BUTTON","ショー到着したボタン"
"INTERACTION_LAYOUT","インタラクションレイアウト"
"SHOW_BUTTONS","表示ボタン"
"SHOW_SLIDERS","ショースライダー"
"ACTION_CONFIRMATION","アクション確認"
"SHOW_CONFIRMATION_POPUPS","表示確認のポップアップ"
"ADD_CUSTOM_TEMPLATE","カスタムテンプレートを追加します。"
"EDIT_CUSTOM_FIELD","編集カスタムフィールド"
"DUPLICATE_CUSTOM_FIELD","カスタムフィールドを複製"
"SUB_HEADING","あなたのビジネスの種類を選択して、Tookanはそれに応じて適応されます。また、エージェントのモバイルアプリに反映したいオプションを設定します。"
"BUSINESS_TYPE","事業の種類"
"MOBILE_APP_SETUP","モバイルアプリケーションの設定"
"MOBILE_APP_SETUP_TOOLTIP_2","モバイルアプリ。モバイル設定を一致させるためにビジネス矩形サイズを増やします"
"ACKNOWLEDGE_TEXT_1","エージェントは、以下の選択内容に基づいて、タスクをタスクの受信を確認または受け入れ/拒否しますか、"
"ACKNOWLEDGE_TEXT_2","または受諾/辞退"
"ACKNOWLEDGE_TEXT_3","以下に、あなたの選択に基づいて。"
"APP_MILESTONES_TEXT_1","タスクの基本的なマイルストーンは、スタートを含める完了するために必要なマイルストーンの数を減らし、到着、成功しました。"
"APP_MILESTONES_TEXT_2","基本的なマイルストーンは、[スタート]、到着、成功が含まれます。"
"HIDE_CANCEL_BUTTON","キャンセルボタン隠します"
"HIDE_FAILED_BUTTON","失敗したボタンを非表示"
"INTERACTION_LAYOUT_TEXT_1","完了するために、ボタンやスライダー入力の間で選択します"
"INTERACTION_LAYOUT_TEXT_2","マイルストーン。"
"ACTION_BLOCK_TEXT_1","エージェントは、タスクの中にメモ、画像＆署名を追加することができます。"
"ADD_BARCODE","バーコードを追加します。"
"AUTO_ASSIGNMENT_TEXT_1","自動的に最良のビジネスニーズに合った割り当てロジックを選択することができ、あなたのAgent.Youにタスクを割り当てるには、このオプションを有効にします。"
"AUTO_ASSIGNMENT_TEXT_2","あなたへ"
"AUTO_ASSIGNMENT_TEXT_3","あなたは、ビジネスニーズに最適な割り当てロジックを選択することができます。"
"ONE_BY_ONE_TEXT_1","タスクの場所に最も近いエージェントにタスク要求通知を送信します。エージェントは要求有効期限内のタスクを受け入れない場合は、タスク要求は、次の最寄りのエージェントに送信されます。何Agentがタスクを受け入れない場合は、未割り当てのまま。"
"ONE_BY_ONE_TEXT_2","タスクの場所に最も近いです。もし"
"ONE_BY_ONE_TEXT_3","要求有効期限内のタスクを受け入れない、タスク要求は次の最寄りに送信されます"
"ONE_BY_ONE_TEXT_4","いいえの場合"
"BATCH_WISE_TEXT_4","タスクを受け入れ、それが割り当てられていないまま。"
"ROUND_ROBIN_TEXT_1","定義された半径内の薬剤は、循環力が割り当てられています"
"ROUND_ROBIN_TEXT_2","ごとに設定された最大タスク制限に基づいてタスク"
"NEAREST_TEXT_1","フォースは、可用性との距離に基づいてエージェントにタスクを割り当てます。"
"NEAREST_TEXT_2","可用性と距離に基づきます。"
"to_OFF_DUTY","OFF-DUTY /ログアウトエージェントにタスクを割り当てます"
"DISTANCE_SETTINGS","距離設定"
"BATCH_SETTINGS","バッチ設定"
"NEAREST_AVAILABLE","最寄りの利用可能"
"ALLOWED","許可されました"
"CHOOSE_WORKFLOW_BUSINESS","最高のあなたのビジネスに合ったワークフローを選択してください"
"BUSINESS_INCLUDE","これを使用する事業が含まれます：食品配達、宅配便サービス、配達、ランドリー配達、アルコール配達を"
"BUSINESS_INCLUDE_SERVICES","これを使用する事業が含まれます：アーティスト、結婚式のスタイリスト、家の修理サービス、マッサージセラピスト、自動車修理サービスをメイクアップ"
"BUSINESS_INCLUDE_PRODUCTS","これには、使用してビジネス：フィールドマーケティング、製品デモ、顧客獲得/開発、ターゲットマーケティング/営業、市場調査/調査"
"BUSINESS_INCLUDE_PICKUP","ピックアップ＆デリバリーを使用する企業は、"
"BUSINESS_APPOINTMENT","アポイントメントを使用する企業は、"
"BUSINESS_USE_FIELD","フィールドの労働力を使う企業は含ま"
"CUSTOMIZE_TRACKING","アカウントのリアルタイム追跡リンクをカスタマイズ"
"DISABLE_RATING","お客様の採点を無効にします"
"SELECT_METHOD","タスクを自動配分する方法を選択"
"NUMBER_OF_RETRIES","再試行の回数"
"RETRIES","再試行"
"TIME_SETTINGS","時刻の設定"
"MANAGE_AT_HOME_SERVICES_AND_KEEP_YOUR_CUSTOMERS_HAPPY","家庭サービスで管理し、幸せなあなたの顧客を保ちます。"
"MANAGE_YOUR_ON_STREET_CUSTOMER_ACQUISITION_TEAMS_EFFORTLESSLY","楽ストリート顧客獲得チームにあなたを管理します"
"CREATE_YOUR_FIRST_TEAM","あなたの最初のチームを作成します。"
"TEAMS_HELP_YOU_CLUB_A_GROUP_OF_AGENT_MEMBERS_BASED_ON_CITY_AREA_ETC","チームは、エージェントのメンバーのグループ市街地などに基づいて、あなたのクラブを助けます"
"CONTINUE","持続する"
"PLEASE_SELECT_WORKFLOW","ワークフローを選択してください"
"CALL_THEM_DRIVERS_ARTISTS_SERVICE_PROVIDERS_AVENGERS?_NO_WORRIES_NAME_IT_WILL_CHANGE_EVERYWHERE_IN_YOUR_DASHBOARD","ドライバー、アーティスト、サービスプロバイダ、アベンジャーズそれらを呼び出しますか？心配しないで、ここで名前を付けていないし、それがダッシュボードにどこにでも変化します。"
"FIELD_WORKFORCE","フィールドワークフォース"
"SEND_TO_ALL_TEXT_1","タスクのタイムスロットで利用可能なエージェントにタスク要求通知を送信します。タスクはに割り当てられます「最初のタスク要求を受け入れるエージェント。何のエージェントがタスクを受け入れない場合は、それが割り当てられていないままになります。」"
"SEND_TO_ALL_TEXT_2","タスクのタイムスロットで使用できます。タスクはに割り当てられます」"
"SEND_TO_ALL_TEXT_3","誰が最初のタスク要求を受け付けます。いいえの場合"
"SEND_TO_ALL_TEXT_4","タスクを受け入れ、それが割り当てられていないままになります。」"
"BATCH_WISE_TEXT_1","バッチでエージェントにタスク要求通知を送信します。あなたは、距離、時間およびグループサイズの設定に基づいてバッチを作成することができます。タスクは最初のタスクの要求を受け入れ、エージェントに割り当てられます。何Agentがタスクを受け入れない場合は、未割り当てのまま。"
"BATCH_WISE_TEXT_2","バッチインチあなたは、距離、時間およびグループサイズの設定に基づいてバッチを作成することができます。タスクはに割り当てられます"
"BATCH_WISE_TEXT_3","誰が最初のタスク要求を受け付けます。いいえの場合"
"BATCH_WISE","バッチワイズ"
"ROUND_ROBIN","ラウンドロビン"
"MAID_CLEANING","メイドクリーニング"
"HOME_SERVICE","ホームサービス"
"MAX_RADIUS","最大半径"
"MAXIMUM","MAXIMUM TASKS可"
"TASK_RADIUS","半径"
"ONE_BY_ONE_TEXT_5","タスクを受け入れ、それが割り当てられていないまま。"
"CHOOSE_BUSINESS_TYPE","あなたのビジネスの種類を選択し、"
"ADAPT_ACCORDINGLY","それに応じて適応されます。"
"CONFIGURE_OPTIONS_MSG","また、あなたは、エージェントのモバイルアプリに反映したいオプションを設定します。"
"AGENT_SIGNUP_SETUP","エージェント申し込みのセットアップ"
"AUTO_VERIFICATION","自動検証"
"DASHBOARD_VIEW","ダッシュボードビュー"
"MULTIPLE_DESTINATIOM_MSG","合わせたタスクビュー内の単一のタスクに複数の宛先（ピックアップ/ドロップオフ/アポイントメント）を表示したり、個々のストッパとして表示するかどうかを選択します。"
"TASK_VIEW","タスクビュー"
"STOP_VIEW","ストップ見ます"
"TASK_PANE_CUSTOMIZATION","作業ウィンドウのカスタマイズ"
"CUSTOMISE_INFO_MSG","マップビュー内の個々のタスクのタイルに表示される情報をカスタマイズします。"
"RESET_SETTINGS","設定をリセット"
"SECTION","セクション"
"DISPLAY","表示"
"VEHICLE_TYPE_OR_PHOTO","「S車種OR PHOTO"
"VEHICLE_TYPE","車種"
"PROFILE_PHOTO","プロフィール写真"
"PICKUP_LINE_1","撮像部のLINE 1"
"PICKUP_LINE_2","撮像部のLINE 2"
"DELIVERY_SECTION_LINE_1","排出部のLINE 1"
"DELIVERY_SECTION_LINE_2","排出部のLINE 2"
"RUNNING_LATE","遅れています"
"TASK_ID_729401","タスクID 729401"
"PANE_CUSTOMIZATION","ペインのカスタマイズ"
"CUSTOMIZE_INDIVIDUAL_INFO","マップビュー内の個々のエージェントのタイルに表示される情報をカスタマイズします。"
"TILE_MAP_VIEW","マップビューでタイル。"
"LINE1","ライン1"
"LINE2","2行目"
"LINE3","LINE3"
"TEXT_HERE","ここにテキスト"
"IMAGE_CAPTION","キャプションを追加"
"AWAITING_VERIY_TXT","検証テキストを待ち"
"CUSTOMER_SIGNUP","カスタマー申し込みのセットアップ"
"CHARACTER","キャラクター"
"MSG_TOOLTIP1","このメッセージは、に表示されます"
"MSG_TOOLTIP2","彼は、検証を待っているとき。"
"FULL_MSG_TOOLTIP2","このメッセージは、彼が検証を待っている顧客に表示されます。"
"AGENT_PANE_CUSTOMIZATION","エージェントペインのカスタマイズ"
"fleet_VEHICLE_TYPE","フリート車両タイプ"
"ADD_VENDOR","ポータルユーザの追加"
"EDIT_VENDOR","編集Portalユーザー"
"DOMAIN","ドメイン"
"CHOOSE_DOMAIN","ドメインを選択します。"
"DELETE_DOMAIN","あなたはこのドメインを削除してもよろしいです"
"DOMAIN_NAME","ドメイン名"
"JOB_TYPE","ジョブタイプ"
"TEMPLATE","テンプレート"
"THEME_COLOR","テーマカラー"
"IS_LOGIN","ログインが必要です"
"SIGNUP_ALLOWED","SIGN UPの可"
"AUTOFILL","オートフィル情報が有効"
"DARK_MAP","ダーク地図を表示します"
"CONFIRM_PASSWORD","パスワードを認証する"
"VENDOR_ID","ID"
"DELETE_VENDOR","削除"
"CLIENT_ID","クライアントID"
"EDIT_DOMAIN","ドメインの追加"
"ADD_NEW","新しいドメインを追加"
"EDIT_DOMAINS","編集ドメイン"
"DOMAIN_DETAILS","ドメイン詳細"
"VENDOR_NAME","名"
"COMPANY","会社"
"LOGO","ロゴ"
"SMALL_LOGO","小さなロゴ"
"SEARCH_PORTAL_USR","ポータルユーザを検索します"
"REVIEW_VENDOR","レビューベンダー"
"UPDATE_VENDOR","アップデートベンダー"
"VERIFY","検証します"
"REJECT","拒絶します"
"NEED_RESUBMISSION","再提出を必要とします"
"ADD_REGION","地域を追加"
"GEOFENCE_SUBHEADING_1","新しいように仮想境界を作成します。"
"GEOFENCE_SUBHEADING_2","その境界からの特定に割り当てられています"
"GEOFENCE_EDIT_TEXT_1","新しいタスク先が領域内であればタスクは、自動的に割り当てられたエージェントになります。"
"GEOFENCE_EDIT_TEXT_2","、新たな場合"
"GEOFENCE_EDIT_TEXT_3","宛先は、領域内にあります。"
"MAP_TEXT","それを編集を開始するためにポリゴンをタップします。"
"POLYGON_TOOL","ポリゴン描画ツール（ポリゴンアイコン、マップの上部中央）を選択して、ポリゴンを描画するために地図上をタップします。"
"GEOFENCE_DETAILS","ジオフェンスの詳細"
"DELETE_REGION_MSG","あなたは、この地域を削除してもよろしいです"
"CLEAR_REGION","クリアリージョン"
"MOVE_MAP","地図を移動します"
"MARK_REGION","マーク・地域"
"SELECT_GEO","地理フェンスを選択"
"enter_name","名前を入力"
"no_geofence_found","いいえジオフェンスが見つかりませんでした"
"last_updated","最終更新"
"VENDOR_FORM_TEXT","数秒以内にフォームが直面している顧客をホストします。あなたのビジネスの特定のドメイン設定を取得し、すぐに注文を取得を開始。ドメインの例：yourbusiness.xyz.com。"
"INTEGRATE_WITH_ZAPIER_TEXT","Zapierは、Webアプリケーションを一緒に接続するためのツールである統合Zapierと統合。トリガーが1つのアプリで起こるたびに、Zapierは自動的に我々のシステムで必要なアクションを実行します。統合ボタンをクリックしてZapier上の我々のアプリへの招待を受け入れ、あなたのAPIキーを使用して、要求のすべてを認証"
"SMS_ACCOUNT_TEXT","私たちは、あなたがSMS通知の形で顧客にあなたのメッセージを自動化することができます。今すぐ簡単にTwilioまたはPlivoのような独自のSMSサービスプロバイダのアカウントを接続することができます"
"CUSTOM_CSV_SUPPORT_TEXT","私たちはあなたの一括タスクのインポートプロセスがシームレスになって、サポートに任意のカスタムcsv形式を提供します。ただ、タッチボタンのGetをクリックして、私達にあなたは私たちがサポートしたいあなたのサンプルcsvファイルを送信します。私たちはあなたのアカウントのためにそれをアクティブにすると、一日の時間に、あなたはスムーズに当社のプラットフォームにあなたのcsvファイルからタスクをアップロードすることができるようになります。"
"POS_INTEGRATIONS_TEXT","あなたの既存の発注や配送管理システムに当社のプラットフォームを統合します。ただ、タッチボタンのGetをクリックして、私たちにメールを送信。"
"MASKING_TEXT","セキュアな通話とテキストメッセージのための個人の電話番号をマスクします。シームレスな通信を可能にしながら、ユーザーの数を保護します。電話番号。このアドオンが有効化されると、会話のどちらかの側に露出されることはありません。アドオンの更なる情報については、お問い合わせください"
"WHITE_LABEL_TEXT","私たちは、独自のアプリのアイコンと、完全にブランドのダッシュボードやモバイルアプリケーションを与えるユニークな製品を発表させていただきます。この製品では、我々はどこにでも現在のロゴを交換し、代わりにあなた自身のビジネスのロゴを入れました。ただ、タッチボタンのGetをクリックして、私たちにメールを送信。"
"BCC_EMAIL_TEXT","あなたの顧客へのすべての通信の記録を維持できるように、このアドオンで、我々は、Tookan経由ですべてのエンド顧客のメールにBCCに自分自身をあなたが有効になっています。あなたは、複数のレシーバを追加するとコストは、受信機あたり月額$ 1、充電毎月あることができます。"
"BCC_EMAIL","顧客とのコミュニケーションの記録を維持するために、顧客の電子メールにBCC自分自身。"
"ROUTE_OPTIMIZATION","ルート最適化"
"ROUTE_OPTIMIZATION_TEXT","ユーザーは「距離」や「時間」に応じてルート最適化を選択することができます。また、最適化は、特定のエージェントのために行うことができます。"
"WHITE_LABEL","ブランドドライバ・アプリケーション"
"POS_INTEGRATIONS","POS統合"
"CUSTOM_CSV_SUPPORT","カスタムCSVのサポート"
"ADD_CARD_DETAILS","カードの詳細を追加します。"
"ACTIVATE_ADD_ON","アドオンのアクティブ化"
"MASKING","番号マスク"
"INTEGRATE_WITH_ZAPIER","Zapierとの統合"
"INTEGRATE_WITH_ZAPIER_BUTTON","統合"
"MOBILE_APP_OFFLINE_SYNC","でもインターネットに接続せずに、いつでもどこでも動作するようにエージェントを電源。"
"MOBILE_APP_OFFLINE_SYNC_TEXT","完全に外れて、いつでもどこでも動作するようにフィールドの従業員に力を与えます。このアドオンエージェントのモバイルアプリは、インターネットに接続せずに動作することができます。注意：場所geostampとタイムスタンプがオフラインモードであまり精度を持っているかもしれません。"
"SMS_ACCOUNT","あなたのSMSアカウントを接続"
"DEACTIVATE","非アクティブ化"
"VENDOR_FORM","ご予約フォーム（アプリケーションエディタ）"
"CONTROL_SCHEDULE","コントロールエージェントのスケジュール"
"AMPLIFIED_PRODUCTIVITY","オプション付きドライバスケジュールの増幅されたビューは、このように超え効率と生産性の向上につながる、ドライバの可用性に応じてスケジューリングを監視し、タスクの割り当てを操縦します"
"CHAT_BOT","Facebookのメッセンジャーのチャットボット"
"BOT_MSG","顧客はちょうどメッセンジャーを開き、「アシスタントのApp」に自分の順番をテキストことができます。また、企業が作成することができるだろう"
"BOT_MSG_AND_GET","そして、get"
"BOT_MSG_STATUS","メッセンジャー自体のステータス。"
"BOT_MSG_ASSIGNMENT","割り当ては自動的にバックエンドでの私たちのプラットフォームによって行われます。"
"EMAIL_PARSING","Рассылкаэлектроннойпочты"
"EMAIL_PARSING_TEXT","簡単に、あなたのグラブハブ、Eat24、テイクアウトを接続今食べ、空腹ハウス、E_Orderスタートは、一意の電子メールIDにメールを転送することによって、私たちとストリート、Delivery.com、Blizzfull、新ラーメンを食べると手動タスクの作成時間の時間を節約します。手動で何もする必要はありませんように、我々は彼らの電子メールの形式を自動的に解析されてきました。"
"INTEGRATE_FOOD","レストランの発注システム -  GloriaFoodとの統合"
"INTEGRATE_FOOD_TEXT","これはrestaruantsのための手数料無料のオンライン注文プラットフォームです。レストランは、オンラインに配達の注文を受け付けることができます。注文が受け入れられますたび、それはまた、我々のシステムにプッシュされます。あなたはaccount.Youは、オンライン注文の管理領域からAPIを介した統合を可能にレストランの最初のためにサインアップする必要があります。"
"SIGN_UP","サインアップ"
"JUGNOO_DELIVERY","Jugnoo配信"
"FREE","自由な"
"JUGNOO_DELIVERY_TEXT","このアドオンでは、あなたの処分でJugnoo配達の大艦隊を利用する機会を得ます。あなたは、単にあなたのJugnooアカウントの認証情報を使用してログインすることにより、このアドオンを有効にすることができます。すべての支払いは自動的にリンクさJungooウォレットAccount.Thisから差し引かれます上の追加のみでご利用いただけます"
"JUGNOO_DELIVERY_TEXT_INDIA","インド"
"RECURRING_TASKS","反復タスク"
"RECURRING_TASKS_TEXT","今、あなたは、これは上の追加使用してGoogleカレンダーにイベントを繰り返すことに似て定期的なタスクを作成することができます。有効にしたら、あなたが見ることができるようになります"
"RECURRING_TASKS_TEXT_REPEAT","繰り返す"
"RECURRING_TASKS_TEXT_RELEVENT_DETAILS","タスクを作成ページでオプションを選択します。関連するタスクの詳細を記入し、ご確認ください"
"RECURRING_TASKS_TEXT_CREATE_TASK","あなたのルールを設定して、タスクを作成します。一度ルールを設定したタスクは、あなたのルール設定ごとに、毎朝自動作成されます。"
"BECOME_PARTNER","私たちのパートナーになります"
"BECOME_PARTNER_TEXT","上の追加これは、あなたが他のアカウントの所有者からタスクを受け取り、独自のエージェントチームを使用して、それらにサービスを提供することができます。データは、所有者の両方が、ダッシュボードの上にリアルタイムでタスクを追跡すると、口座間でシームレスに同期されます。"
"CONNECT_PARTNER","パートナーとつながります"
"CONNECT_PARTNER_TEXT","このアドオンは、あなたの仕事のために彼らのエージェントを共有できるように、当社のパートナーアカウントに接続することができます。アカウントがパートナーのアカウントに接続したら、あなたは、彼らのエージェントにタスクをディスパッチ自分の位置を追跡し、あなたのアカウントと同期の完全なタスクの履歴を取得することができます。このアドオンを使用すると、パートナーのアカウントを利用することにより、さらに、あなたの艦隊を拡大することができます。"
"STUART_DELIVERY","スチュアート・デリバリー"
"STUART_DELIVERY_TEXT","このアドオンでは、あなたの処分でスチュアート配達の大艦隊を利用する機会を得ます。あなたは、単にあなたのスチュアート・アカウントの認証情報を使用してログインすることにより、このアドオンを有効にすることができます。"
"ADD_EMAILS","メールを追加"
"DEACTIVATE_ADD_ON","アドオン無効に"
"CONNECT_JUGNOO","あなたのJugnoo配信アカウントを接続"
"TOOKAN_PARTNER","Tookanパートナーになります"
"DISPLAY_NAME","表示名"
"EMAIL_ID","電子メールID"
"REMOVE","取り除きます"
"TOOKEN_CLIENT","Tookanクライアントになります"
"REVOKED_ACCESS","あなたのTookanパートナーがあなたのアクセスを取り消している可能性があります！"
"PARTNER_TOKEN","Tookanパートナートークン"
"PARTNER_TOOKEN","パートナートークン"
"UNIQUE_ID","メールの解析のための一意のID"
"CONNECT_STUART_ACCOUNT","あなたのスチュアート配信アカウントを接続"
"CLIENT_SECRET","クライアントの秘密"
"CONNECT_SMS","あなたのSMSアカウントを接続"
"CHOOSE_PROVIDER","サービスプロバイダを選択します。"
"PHONE_NO","あなたの電話番号は何ですか"
"ACCOUNT_SID","AccountSID"
"AUTHTOKEN","持つAuthToken"
"SENDERID","SenderIDの"
"SHORT_CODE","ショートコード"
"USER_ID","ユーザーID"
"MASK","マスク"
"ACTIVATED_ON","上の活性化"
"CREATE_TASK_PREFERENCES","タスクの設定を作成します。"
"CREATE_TASK_PREFERENCES_TEXT","この機能は、このように彼らにフィールド上でタスクを作成する自由を与え、エージェントが自分のアプリケーションからタスクを作成することができます。この機能は、特に、フィールド上のデータ収集に関連するユースケースに役立ち、ダッシュボードの所有者オフロードがかかります。"
"APP_INVOICE","アプリの請求書発行モジュール"
"APP_INVOICE_TEXT","この機能を使用するには、タスクが完了した時点で、エージェントアプリで独自のカスタムHTML請求書を表示することができます。あなたは、このアドオンアクティブにすると、することができます設定を個別テンプレートページ内から、各テンプレートの請求書のhtml。"
"THIS_WILL","この意志"
"ROUTE","アカウントのルート最適化"
"INVOICE_FOR_ACCOUNT","アカウントのアプリの請求書"
"ALLOW_TO_CREATE","あなたのエージェントは、タスクを作成することができます"
"MASKING_ACCOUNT","アカウントのマスキング数"
"VENDOR_FOR_ACCOUNT","アカウントのベンダーのフォーム"
"PARSING_FOR_ACCOUNT","アカウントの電子メールの解析。"
"CACHING_ACCOUNT","アカウントのアプリ側のキャッシング。"
"EMAIL_TRACKING","アカウントの「顧客の電子メールの追跡。"
"JD_INTEGRATION","Jugnoo配達統合。"
"ACTIVATE_RECURRING","あなたは定期的なタスクの追加アクティブ化しますか？"
"REALLY_DEACTIVATE","あなたが本当にあなたのアドオンを無効にしたいですか？"
"ACTIVATE_TOOKAN","あなたはTookanクライアントが上の追加アクティブ化しますか？"
"ACTIVATE_TOOKAN_PARTNER","あなたはTookanパートナーの追加アクティブ化しますか？"
"NOTE","注意：また、繰越オプションを選択することで、定期的なルールの終了日を更新することができます。あなたは2つの日付を無効にした場合、終了日は2つの以上の出現のために延長します。"
"BILLING_PLAN_2","$ 10.00"
"ROUTE_OPTIMIZATION_TEXT1","あなたは、効率的に時間とお金の両方を節約するエージェントのルートを最適化することができます。これは、現在のアカウントの上に別途課金プレミアム機能です。"
"BILLING_PLAN_3","$、0.10"
"CONTROL_SCHEDULE_TEXT","従って上回っ効率性と生産性の向上につながる、ドライバの可用性に応じてスケジューリングを監視するためのオプションを持つドライバスケジュールの増幅された図。"
"WHITE_LABEL_TEXT1","この製品では、我々はどこにでも現在のロゴを交換し、代わりにあなた自身のビジネスのロゴを入れました。ただ、タッチボタンのGetをクリックして、私たちは残りの部分をやらせます。"
"MASKING_TEXT1","セキュアな通話とテキストメッセージのための個人の電話番号をマスクします。シームレスな通信を可能にしながら、ユーザーの数を保護します。"
"BILLING_PLAN_2_Masking","$ 4.99"
"BILLING_PLAN_3_Masking","$、0.10"
"CHAT_BOT_TEXT","顧客はちょうどメッセンジャーを開き、「アシスタントのApp」に自分の順番をテキストことができます。また、企業は、createTaskタスクを更新し、メッセンジャー自体にタスクのステータスを取得することができるだろう。"
"CREATE_TASK_PREFERENCES_TEXT1","この機能は、このように彼らにフィールド上でタスクを作成する自由を与え、エージェントが自分のアプリケーションからタスクを作成することができます。"
"POS_INTEGRATIONS_TEXT1","あなたの既存の発注や配送管理システムに当社のプラットフォームを統合します。ただ、タッチボタンのGetをクリックして、私たちは残りの部分をやらせます。"
"CUSTOM_CSV_SUPPORT_TEXT1","私たちはあなたの一括タスクのインポートプロセスがシームレスになって、サポートに任意のカスタムcsv形式を提供します。"
"APP_INVOICE_TEXT1","この機能を使用するには、タスクがエージェントによって完成されたときに、エージェントアプリに独自のカスタムHTML請求書を表示することができます。"
"VENDOR_FORM_TEXT1","数秒以内にフォームが直面している顧客をホストします。あなたのビジネスの特定のドメイン設定を取得し、すぐに注文を取得を開始。"
"BILLING_PLAN","$ 14.99"
"SMS_ACCOUNT_TEXT1","私たちは、あなたがSMS通知の形で顧客にあなたのメッセージを自動化することができます。今、あなたは簡単に独自のSMSサービスプロバイダのアカウントはTwilio、Plivoおよび他の多くのように接続することができます。"
"EMAIL_PARSING_TEXT1","簡単に、あなたのグラブハブ、Eat24、テイクアウトを接続今食べ、空腹ハウス、E_Orderスタートは、私たちとストリート、Delivery.com、Blizzfull、新ラーメンを食べると手動タスクの作成時間の時間を節約します。"
"BILLING_PLAN_EMAIL_PARSING","$ 14"
"MOBILE_APP_OFFLINE_SYNC_TEXT1","完全に外れて、いつでもどこでも動作するようにフィールドの従業員に力を与えます。このアドオンエージェントのモバイルアプリは、インターネットに接続せずに動作することができます。"
"INTEGRATE_WITH_ZAPIER_TEXT1","Zapierは、Webアプリケーションを一緒に接続するためのツールである統合Zapierと統合。統合ボタンをクリックしてZapier上の我々のアプリへの招待を受け入れ、あなたのAPIキーを使用して、すべての要求を認証します。"
"BCC_EMAIL_TEXT1","あなたの顧客へのすべての通信の記録を保持することができるように、このアドオンで、我々は{「Tookan」}？{is_reseller COMPANY_NAME}を経由してすべてのエンド顧客のメールにBCCに自分自身をあなたが有効になっています。あなたも複数の受信機を追加することができます。"
"BILLING_PLAN_BCC_EMAIL","$ 1.49"
"INTEGRATE_FOOD_TEXT1","これは、レストランのための手数料無料のオンライン注文プラットフォームです。レストランは、オンラインに配達の注文を受け付けることができます。注文が受け入れられますたび、それはまた、我々のシステムにプッシュされます。"
"JUGNOO_DELIVERY_TEXT1","このアドオンを使用すると、あなたの処分でJugnoo配達の大艦隊を利用する機会を得ます。ちょうどあなたのJugnooの資格情報でログインします。インドだけで現在利用可能。"
"RECURRING_TASKS_TEXT1","今、あなたは、これは上の追加使用してGoogleカレンダーにイベントを繰り返すことに似て定期的なタスクを作成することができます。関連するタスクの詳細を記入し、リピートをチェックし、自分のルールを設定し、タスクを作成します。"
"BECOME_PARTNER_TEXT1","このアドオンを使用すると、他のアカウントの所有者からタスクを受け取り、独自のエージェントチームのリアルタイムを使用して、それらにサービスを提供することができます。"
"CONNECT_PARTNER_TEXT1","このアドオンは、あなたの仕事のために彼らのエージェントを共有し、パートナーアカウントを利用することにより、さらに、あなたの艦隊を拡大することができます。"
"STUART_DELIVERY_TEXT1","このアドオンを使用すると、あなたの処分でスチュアート配達の大艦隊を利用する機会を得ます。あなたは、単にあなたのスチュアート・アカウントの認証情報を使用してログインすることにより、このアドオンを有効にすることができます。"
"AGENT_SIGNUP","エージェントのサインアップ"
"AGENT_SIGNUP_TEXT","このアドオンを使用すると、あなたのエージェントは、自分の携帯アプリから直接申し込むことができるようになります。このアドオンあなた活性化にあなたのエージェントが提出するログインフォームを選択するオプションがあります。そして、あなたは右のあなたのエージェントリストページから自分の投稿を確認するか、拒否することができます。"
"TOOKAN_NAME","Tookan"
"COMPANY_BEAUTY","美しさ"
"COMPANY_BEAUTY_TEXT","美しさの顧客のアプリは、家庭でまたはインサロン予定を作るためにあなたの最後の顧客が使用できるインターフェイスを提供します。それはあなたのスタイリストのスケジュールを管理し、監視するための包括的なダッシュボードが付属しています。"
"HOME_SERVICES","ホームサービス"
"HOME_SERVICES_TEXT","ホームサービスは、顧客がサービスの予約を作ることのためのアプリです。これは、設定可能なサービスカタログが付属して、あなたのビジネスの製品ごとに設計することができます。今、あなたはシームレスに1つのダッシュボードからあなたの顧客、予約や従業員を管理することができます。"
"CUSTOM_BUSINESS_APPS","カスタムビジネスアプリ"
"CUSTOM_BUSINESS_APPS_TEXT","さまざまなカテゴリと製品を含むカスタムカタログを使用してターゲット顧客のためのアプリをビルドします。これを使用して、あなたはまた、アプリケーションが直面している顧客は、ダッシュボード自体から見える方法を変更することができます。また、このような価格設定、カスタムテンプレートやアプリのテーマとして、様々なアプリモジュールを構成することができます。"
"FUGU_INTEGRATION_BUSINESS","ビジネスAppのふぐの統合"
"FUGU_INTEGRATION_BUSINESS_TEXT","ふぐを使用すると、いつでもどこでもからの顧客サポートを提供するために、お使いの製品にライブチャットを追加することができます。それは、顧客の問い合わせに答える問題を解決し、お客様のウェブから外出先での支援だけでなく、モバイルデバイスを提供するために、あなたの顧客サービスチームを支援します。"
"FUGU_INTEGRATION_AGENT","エージェントAppのふぐの統合"
"FUGU_INTEGRATION_AGENT_TEXT","ふぐを使用すると、いつでもどこでもからのサポートを提供するために、お使いの製品にライブチャットを追加することができます。これは、エージェントの問い合わせに答える問題を解決し、ウェブだけでなく、モバイルデバイスから、外出先での支援を提供するために、あなたの顧客サービスチームを支援します。"
"INTEGRATE_BUMBL","Bumblとの統合"
"INTEGRATE_BUMBL_TEXT","忙しい人のための簡単な自動化。 Bumblは、自動的にWebアプリケーション間で情報を移動し、あなたはあなたの最も重要な仕事に集中することができます。だから今接続します。"
"CAR_WASH","洗車"
"CAR_WASH_TEXT","カーウォッシュアプ​​リは、あなたの顧客は即座にあなたのサービスを予約することができます。これは、ジョブを管理し、あなたの従業員のスケジュールを監視するための包括的なダッシュボードが付属しています。"
"ACTIVATE_EARNING_AND_PRICING","アカウントのご獲得および価格設定を有効にします"
"DEACTIVATE_EARNING_AND_PRICING","アカウントのご獲得および価格設定を無効に"
"FUGU_CHAT_AGENT","あなたのエージェントアプリのためのふぐチャット。"
"FUGU_INTEGRATION_BUSINESS_YOUR","あなたのビジネスアプリケーションのためのふぐの統合。"
"GET_IN_TOUCH_DEACTIVATE","このアドオンを無効にするために、私たちと連絡を取ってください。"
"BECOME_A","なります"
"RECURRING_TASKS_CREATE_TEXT","定期的なタスクが毎日作成されなければならない時間を選択"
"CUSTOM_BUSINESS_SETUP","カスタムビジネスアプリケーションの設定"
"APP_NAME","アプリケーション名"
"SENDER","送信者"
"EXOTEL_SID","ExotelSID"
"EXOTEL_TOKEN","ExotelToken"
"TWILIO","Twilio"
"PLIVO","Plivo"
"2_FACTOR","2倍"
"GUPSHUP","Gupshup"
"EXOTEL","Exotel"
"SMART_SMS","スマートS​​MS"
"TASK_EARNING_HEADING","タスクが獲得＆料金"
"TASK_EARNING_DESC_1","このアドオンは、エージェントの収益＆顧客の価格設定は、テンプレートを使用して、すべてのタスクのために定義できるようになります。新しいメニューは、あなたがそれの設定を行うことができるように、テンプレートのセクションに表示されます。上のサポートされています"
"TASK_EARNING_DESC_2","アプリのバージョン3.0.7以上。"
"LAUNDRY","ランドリー"
"LAUNDRY_DESC_1","ランドリーは、顧客がランドリーサービスを要求するためのアプリです。あなたの従業員は簡単に統合することができます"
"LAUNDRY_DESC_2","洗濯集配業務を受け取り、完了するまでに...いいえ開発は必要ありません。"
"RATING_HEADING","あなたの顧客を評価"
"RATING_DESC_1","タスクが正常に完了でアプリ。エージェントによって与えられた評価は、お客様のセクションでは、ダッシュボード上で閲覧することができます。"
"MULTIPLE_ID","複数の電子メールIDは、カンマで区切られた、許可されます"
"ENTER_DISPLAY_NAME","表示名を入力します。"
"ENTER_DESC","説明を入力します。"
"ENTER_EMAIL","メールアドレスを入力して"
"ENTER_PARTNER_TOKEN","パートナートークンを入力します。"
"ENTER_USER_ID","ユーザーIDを入力します。"
"ENTER_PASSWORD","パスワードを入力する"
"ENTER_EMAIL_ID","マスクIDを入力します（オプション）"
"SEARCH_TASKS","検索タスク"
"INTEGRATE_FUGU_WITH","でふぐを統合"
"route_opt","効率的に時間とお金の両方を節約するエージェントのルートを最適化します。"
"fugu_agent","シームレスエージェント、マネージャと顧客の間でアプリ内チャットを有効にします。"
"control_agent","薬の可用性に応じてエージェントのスケジュールを作成し、管理します。"
"branded_agent_app","あなたのビジネスのブランディングで当社のプラットフォームをカスタマイズし、それはあなた自身のように使用します。"
"work_time","作業時間"
"kato","ビジネスの洞察を導き出すために強力な分析やトレンドへのアクセスを取得します。"
"number_masking","セキュアな通話/テキストメッセージの電話番号をマスクすることにより、顧客\ 'sのアイデンティティを保護します。"
"zapier","Zapierと統合し、アプリケーションの何千ものTookanを接続してください。"
"fb_messenger","お客様は、Facebookのメッセンジャー上でタスクをテキストことができ、管理者は、ステータスの更新を取得します。"
"create_task_from_app","アプリケーションフォームタスクを作成します。"
"pos_integration","既存の発注や配送管理システムに当社のプラットフォームを統合します。"
"custom_csv","任意のカスタムCSV形式を使用して、一括タスクインポートプロセスをシームレスにします。"
"app_invoice","エージェントによるタスク完了のエージェントアプリで表示するカスタムHTML請求書"
"vendor_form","セットアップご希望のドメイン名のお客様の予約フォーム。"
"sms","あなたのSMSアカウントを接続"
"email_parsing","簡単に、あなたのグラブハブ、Eat24、テイクアウトを接続今食べ、空腹ハウス、E_Orderスタートは、私たちとストリート、Delivery.com、Blizzfull、新ラーメンを食べると手動タスク作成時の時間を節約します。"
"gloria_food","あなたのGloriaFoodアカウントがシームレスに統合し、このアドオンで注文を管理します。"
"jugnoo_delivery","（インド）あなたのJugnooの資格情報を使用してJugnoo配達\ 'sの大規模なエージェントを利用しています。"
"recurring_task","Googleカレンダーに似た様々なルール、との定期的なタスクを作成します。"
"become_partner","他のアカウントの所有者との提携や、あなたのエージェントを使用して、彼らにサービスを提供しています。"
"connect_partner","あなたのタスクのためのパートナーアカウントのエージェントを利用して、あなたのエージェントを展開します。"
"stuart_delivery","あなたのスチュアート・アカウントの資格情報を使用してスチュアート配達\ 'sの大規模なエージェントを利用しています。"
"agent_signup","管理者は、申し込み時にエージェントに表示されますカスタムテンプレートを選択することができます。"
"customer_signup","管理者は、申し込み時に顧客に表示されますカスタムテンプレートを選択することができます。"
"beauty","美容サービスを使用して家庭でまたはインサロンの予定を取得するために顧客を有効にします。"
"taxi","टैक्सी"
"agent_earning","設定可能なルールの設定を使用して、エージェントの収益＆顧客の価格を追跡します。"
"laundry","ランドリーサービスを統合することにより、洗濯物集配作業を完了します。"
"home_service","ホームサービスは、顧客がサービスの予約を作ることのためのアプリです。"
"car_wash","カーウォッシュアプ​​リは、あなたの顧客は即座にあなたのサービスを予約することができます。"
"customer_app","自分の直面するアプリを構築し、価格設定、テーマやカタログを設定します。"
"agent_rating","エージェントは、管理者が閲覧可能なタスクを、完了後に顧客を評価することができます。"
"barcode","エージェントは、バーコードと関連するタスクが自動的に割り当てられますスキャンすることができます。"
"bumble","Bumblは、あなたのプロセスの自動化、自動的にWebアプリケーション間で情報を移動します。"
"workforce","このアプリは、あなたの従業員の身元を確認するために、エージェントモバイルアプリにハイエンドの顔検出および認識技術を利用することができます。たびエージェント記号の義務に、そのアプリは、エージェントのリアルタイム識別のためにカメラをトリガします"
"sub_desc","ビジネスニーズを解決するためのアプリ。"
"Utility","ユーティリティ"
"Integration","統合"
"Categories","カテゴリー"
"chat","チャット"
"branded_app","ブランドエージェントアプリケーション"
"kato_powered_by","搭載"
"gloria","グロリア食品との統合"
"Beauty_Services","美容サービス"
"Taxi_Services","タクシーサービス"
"Laundry_Services","ランドリーサービス"
"Home_Services","ホームサービス"
"Car_Wash_Services","洗車サービス"
"Customer_Business_Apps","お客様のビジネスアプリ"
"Scan_to_Assign","割り当てるスキャン"
"Workforce_Identity_Management","労働力のアイデンティティ管理"
"fugu_chat_integration","ふぐのチャットの統合"
"ADVANCED_ANALYTICS","高度な分析"
"Customer_Signup","カスタマー申し込み"
"interested","興味ある！"
"please_confirm","確認してください"
"this_will","この意志"
"ro_for_acc","アカウントのルート最適化"
"app_invoice_for_acc","アカウントのアプリInvoiceingモジュール"
"not","ではありません"
"allow_your_agent_create_task","エージェントアプリからタスクを作成します"
"number_masking_for_account","アカウントのマスキング数"
"ro_activate","これは、あなたのアカウントにルート最適化が有効になります。"
"ro_deactivate","これは、あなたのアカウントにルート最適化を無効にします。"
"app_invoice_activate","これは、あなたのアカウントのためのApp請求書モジュールを無効にします。"
"app_invoice_deactivate","これは、あなたのアカウントのためのApp請求書モジュールを無効にします。"
"create_task_from_driver_activate","これは、エージェントアプリからタスクを作成してアクティブにします。"
"create_task_from_driver_deactivate","これは、エージェントアプリからタスクを作成して無効になります。"
"number_masking_for_account_activate","これは、あなたのアカウントの数マスキングが有効になります。"
"number_masking_for_account_deactivate","これは、あなたのアカウントの数マスキングを無効にします。"
"vendor_form_for_your_account_activate","これは、あなたのアカウントに予約フォームをアクティブにします。"
"vendor_form_for_your_account_deactivate","これは、あなたのアカウントに予約フォームを無効にします。"
"PARSING_FOR_ACCOUNT_activate","これは、あなたのアカウントの電子メールの解析が有効になります"
"PARSING_FOR_ACCOUNT_deactivate","これは、あなたのアカウントの電子メールの解析を無効にします"
"app_side_caching_for_your_account_activate","これは、あなたのアカウントにアプリのオフラインの同期がアクティブになります。"
"app_side_caching_for_your_account_deactivate","これは、あなたのアカウントにアプリのオフラインの同期を無効にします。"
"customer_email_tracking_for_your_account_activate","これは、あなたのアカウントの顧客の電子メールのトラッキングが有効になります"
"customer_email_tracking_for_your_account_deactivate","これは、アカウントの顧客の電子メールの追跡を無効にします。"
"driver_schedule_activate","これは、あなたのアカウントのためのエージェントのスケジュールをアクティブにします。"
"driver_schedule_deactivate","これは、あなたのアカウントのためのエージェントのスケジュールを無効にします。"
"earning_pricing_activate","これは、アカウントのご獲得および価格設定が有効になります。"
"earning_pricing_deactivate","これは、アカウントのご獲得および価格設定を無効にします。"
"vendor_form_for_your_account","アカウントのフォームを予約"
"your_SMS_Account","あなたのSMSアカウント"
"Email_Parsing_for_account","アカウントの電子メールの解析。"
"app_side_caching_for_your_account","アカウントのアプリオフラインの同期。"
"customer_email_tracking_for_your_account","アカウントの顧客の電子メールの追跡。"
"Schedule_for_your_account","アカウントのスケジュール。"
"Jugnoo_Delivery_Integration","Jugnoo配達統合。"
"CONTACT_US_PRICING","価格についてはお問い合わせください"
"customer","顧客"
"ONLY_PICKUP","唯一のピックアップ"
"ONLY_DELIVERY","のみ配信"
"TASK_TEMPLATE","タスク・テンプレート"
"PICKUP_TASK","ピックアップタスクテンプレート"
"DELIVERY_TASK","配達タスクテンプレート"
"LOGIN_REQUIRED","ログインが必要です"
"AUTO_ASSIGNED","AUTOが有効に割り当てられました"
"ALLOW_AUTO_FILL","ALLOWフィルイン情報"
"ICON_TEXT","（該当する場合）このアイコンは、ログインページに表示されます"
"ORDER_ICON_TEXT","このアイコンは、ナビゲーションバー上の画面の中央に、注文ページ/フォームに表示されます。"
"ADD_FIRST","まず追加"
"PRODUCT","製品"
"ADD_SUB_CATEGORY","サブカテゴリーを追加"
"ADD_PRODUCTS","製品を追加"
"NEXT_ARROW_MSG","サブカテゴリー/製品を追加するために、カテゴリの横にある矢印をクリックします。"
"NAME_IS_REQUIRED","名前が必要です"
"DROP_DRAG","ドラッグ＆ドロップ画像、または"
"FROM_PC"," コンピュータから"
"IMAGE_IS_REQUIRED","画像が要求されます"
"PRODUCT_NAME","商品名"
"PRODUCT_NAME_IS_REQUIRED","製品名が必要です"
"BASE_UNIT","基本単位"
"BASE_UNIT_IS_REQUIRED","ベースユニットが必要です"
"PRICE","価格"
"PRICE_IS_REQUIRED","価格が要求されます"
"UPLOAD_PRODUCT_IMAGE","商品画像をアップロード"
"PRODUCT_IMAGE_IS_REQUIRED","商品画像が要求されます"
"SEARCH_PROMO","検索プロモーション"
"CATALOG_TITLE","カタログ"
"LAYOUT","レイアウト"
"PRICING","価格"
"PRODUCTS","プロダクト"
"MISCELLANEOUS","雑多"
"WELCOME_BUSINESS_SETUP","ビジネスアプリセットアップへようこそ"
"SET_PRICING","料金の設定"
"ADD_PRODUCT_TO","に製品を追加"
"ADD_PRODUCT","製品を追加"
"SEARCH_CAT","検索カテゴリ"
"ADD_FIRST_product","最初の製品を追加"
"ORDER_SUMMARY","注文の概要"
"STREET_ADDRESS","住所"
"CASH_COLLECTED","現金は、収集します"
"HAS_RETURN","リターンを持っています"
"DUPLICATE_DELIVERY_MSG","あなたは、配信ポイント（複数可）なしで配達を注文してもよろしいですか？"
"NO_DELIVERY","この注文の出荷の番号"
"RECHARGE_WALLET","財布を充電してください。"
"DEBT_MSG","マーチャントの現在Jugnoo債務{{vendorDebt}}が許容値以上です。彼の財布を充電してからご注文の継続するセトル]ボタンをクリックして加盟店にお問い合わせください。"
"SETTLE","解決します"
"TELECALLER","Telecaller"
"MERCHANT_NAME","マーチャント名"
"LOADING_REQUIRED","読み込んで必要な"
"DROPOFF_POINT","ドロップオフポイント"
"UNLOADING_REQUIRED","必要なのアンロード"
"ADD_DROPOFF_POINT","ドロップオフポイントを追加"
"BIKE","自転車"
"MINI_TRUCK","ミニトラック"
"RETURN_REQUIRED","戻る必要"
"SCHEDULE_FOR_LATER","その後のスケジュール？"
"APPLY","適用"
"SET_ALTERNATE_NO","代替電話番号として設定します"
"CREATE_ORDER","注文を作成"
"MAP","地図"
"ORDER_HISTORY","注文履歴"
"SUGGESTED_ADDRESSES","推奨アドレス"
"DRIVER_DETAILS","ドライバの詳細"
"FARE","運賃"
"ACTION_FAILED","アクションは失敗しました！"
"NOTIFICATION","お知らせ"
"ADD_NEW_OFFERING","新製品を追加"
"OFFERING_NAME","公募NAME"
"OFFERING_NAME_REQUIRED","募集名が必要です"
"SELECT_APP","ビジネスアプリを選択"
"DOES_CATALOG_HAVE","カタログは持っています..."
"CATEGORIES_AND_PRODUCTS","カテゴリー＆製品"
"PRODUCTS_ONLY","製品のみ"
"CATALOG_NOT_ENABLED_MSG","カタログは、この製品のために有効になっていません。"
"BASE_PRICE_REQUIRED","基本価格が要求されます"
"BASE_PRICE","本体価格"
"GEO_FENCE_PRICING","ジオ・フェンスベースの価格設定"
"SET_DIFF_GEO_FENCE_PRICING","別のジオフェンスに異なる価格を設定します"
"GEO_FENCE_REQUIRED","ジオフェンスが必要です"
"CHANGE_PRICE_ANOTHER_GEO","別のジオフェンスのために価格設定を変更します"
"NOMORE_GEOFENCE","利用可能なより多くの地理フェンスません"
"ENTER_BASEPRICE","ベース価格を入力します。"
"BASIC_DESC_PRODUCT","製品の基本的な説明"
"KILO_LITRES_QUANTITY","キログラム、リットル、量、等"
"STANDARD_PRICE_PRODUCT","製品の標準価格"
"APP_SETTINGS","アプリの設定"
"GENERAL_APP_SETTINGS","一般的なアプリの設定"
"SOCIAL_PLUGINS","ソーシャルプラグイン"
"VERIFICATION","検証"
"VERIFICTION_VIA_OTP","ワンタイムパスワードを経由して検証"
"PAYMENT","支払い"
"ENABLE_CREDIT","クレジットを有効にします"
"PROMO_FEATURE","プロモーション機能"
"REFERAL_FEATURE","参照機能"
"REFERAL_COMBO","REFERRAL COMBINATION"
"REFERAL_COMBO_RQD","Referal組み合わせが必要です"
"SHARE_MSG","共有メッセージ"
"SHARE_MSG_RQD","共有メッセージが必要です"
"FB_SHARE_MSG","Facebookのシェアメッセージ"
"FB_SHARE_MSG_RQD","Facebookで共有メッセージが必要です"
"SHARE_IMG","共有画像"
"SHARE_IMG_RQD","共有イメージが必要です"
"TAXES","税金"
"SERVICE_TAX","サービス税"
"SERVICE_TAX_RQD","サービス税が必要です"
"IS_RQD","必要とされている"
"OFFERING_SETTINGS","設定可能な"
"GEN_OFFERING_SETTINGS","一般公募設定"
"FORCE_PICKUP","フォースピックアップ＆デリバリー"
"ASSIGNMENT","タスクの割り当て"
"MANDATORY_DESTINATION","必須の宛先"
"DESTINATION_BEFORE_RIDE","乗り心地を要求する前に、宛先をお願いします"
"ENABLE_SCHEDULING","ライドのスケジュールを有効に"
"SCHEDULING_NUMBER_RQD","スケジュール時間が必要とされます"
"TIME_GREATER_MSG","時間をスケジュールする30分以上でなければなりません"
"SHOW_WAIT_SCR","表示待ち受け画面"
"WAIT_SCR_TIME_RQD","待機中の画面の時間が必要とされます"
"TIME_GREATER_MSG_SEC","画面の待ち時間が30秒以上でなければなりません。"
"THEME_SET","テーマ設定"
"APP_ICON","アプリのアイコン"
"MAP_THEME","地図のテーマ"
"INVALID_CODE","無効なカラーコード"
"RATING_REVIEW","評価とレビュー"
"CANCELLATION_CONFIGURATION","キャンセル設定"
"ALLOW_CANCCELLATION","選択したオプションにタスクのキャンセルを許可する（S）"
"ON_SELECTED_OPTION","選択したオプションに"
"OTHER_SETTINGS","その他の設定"
"PREFILL_DATA","プレフィル・ユーザー・データ"
"SHOW_SERVICE_PROVIDERS","表示するサービスプロバイダ"
"CALL_TASK_AS","タスクを呼び出すよう"
"LAYOUT_TYPE","レイアウトタイプ"
"ENTER","入る"
"SCHEDULE_TIME","スケジューリング時間"
"IN_MINUTES","数分で"
"WAITING_SCREEN_TIME","画面の時間を待っています"
"IN_SECONDS","すぐに"
"ALL_PRODUCTS","すべての製品"
"ALL_SUB_CATEGORY","すべてのサブカテゴリ"
"SUB_CATEGORY","サブカテゴリー"
"BASIC_DESC","基本的な説明"
"RANDOM_STRING","ランダムな文字列"
"NAME_COMBINATION","名の組み合わせ"
"WHITE","白"
"BLACK","ブラック"
"add_from_library","ライブラリから追加"
"create_custom","カスタムの作成"
"your_template","あなたのテンプレート"
"fleet_can","エージェントことができます"
"FIELD_TYPE","フィールドタイプ"
"ACCOUNT_PROFILE","PROFILE"
"RETYPE_PASSWORD","パスワードを再入力してください"
"ACCOUNT_INFORMATION","口座情報"
"COMPANY_NAME","あなたの会社の名前は何ですか"
"COMPANY_ADDRESS","あなたの会社の住所は何ですか"
"COUNTRY","国"
"DISPLAY_IMAGE","表示画像"
"COMPANY_LOGO","会社のロゴ"
"PICTURE","エージェントピクチャー"
"AGENT_POPOVER_TEXT_1","あなたは、アクションの下で>メニュー> [その他]> [エージェントの[編集]をエージェントの表示画像を設定することができます。"
"AGENT_POPOVER_TEXT_2","メニューの表示画像>その他>"
"AGENT_POPOVER_TEXT_3",">アクションの下に編集。"
"UPLOAD_NEW_IMAGE","新しいイメージをアップロード"
"DISPLAY_AGENT_NAME_AS","エージェント名としてを表示します"
"SET_DEFAULT_LANGUAGE","デフォルトの言語設定"
"SELECT_LANGUAGE","言語を選択する"
"ALLOW","許可します"
"TO_CREATE_TASK","タスクを作成します"
"UNIT_PREFERENCES","ユニットの設定"
"KILOMETER","キロメートル"
"MILES","マイルズ"
"CHANGE_PASSWORD","パスワードを変更する"
"ENTER_CURRENT_PASSWORD","現在のパスワードを入力します"
"CURRENT_PASSWORD","現在のパスワード"
"NEW_PASSWORD","新しいパスワード"
"ENTER_NEW_PASSWORD","新しいパスワードを入力してください"
"CUSTOMIZE_AGENT","エージェントのテキストをカスタマイズします"
"OLD_PASSWOWRD","以前のパスワード"
"BUSINESS_ADDRESS","職場の住所"
"SKIP?","スキップ？"
"SORRY!_THIS_PASSWORD_LINK_IS_NO_LONGER_VALID","ごめんなさい！このパスワードリンクがもはや有効ではありません。"
"BACK_TO_LOGIN","ログインに戻る"
"CREATE_PASSWORD","パスワードを作成します。"
"SET_PASSWORD","アカウントのパスワードを設定します"
"WELCOME","Tookanへようこそ、"
"FORGOT_PASSWORD?","パスワードをお忘れですか？"
"LOGIN","LOGINのICON"
"DONT_HAVE_AN_ACCONT","アカウントを持っていないのですか？"
"CREATE_NEW_HERE","ここでは新規作成"
"RESET_IT","それをリセット"
"RESET_PASSWORD","パスワードを再設定する"
"ENTER_YOUR_EMAIL_TO_RECEIVE_INSTRUCTIONS_ON_HOW_TO_RESET_YOUR_PASSWORD","あなたのパスワードをリセットする方法の手順を受け取るためにあなたの電子メールを入力してください。"
"CREATE_ACCOUNT_FOR_FREE","無料のアカウントを作成"
"ALREADY_HAVE_AN_ACCOUNT","すでにアカウントをお持ちですか"
"BY_PROCEEDING_TO_CREATE_YOUR_ACCOUNT_YOU_AGREEING_TO_OUR_TERMS_OF_SERVICES_AND_PRIVACY_POLICY","アカウントを作成するために進むことにより、あなたは私たちのServicceの利用規約およびプライバシーポリシーに同意しています。"
"TERMS_&_CONDITIONS","ご利用規約"
"GO_TO_APP","アプリに行きます"
"REGISTER","登録"
"CALL","コール"
"UPLOAD","アップロード"
"SET_LANGUAGE","言語設定します"
"SELECT_DASHBOARD_LANGUAGE","ダッシュボードの言語を選択"
"SELECT_TRACKING_PANEL_LANGUAGE","TRACKINGパネルの言語を選択"
"Web_Push_Notifications","ウェブプッシュ通知"
"DISABLE","無効にします"
"CUSTOMIZE_AGENT_TOOLTIP","それらの薬剤、アーティストやサービスプロバイダーに電話？ここで表示テキストをカスタマイズし、それに応じてダッシュボードにどこにでも変化します。"
"search_placeholder","国を選択するか、検索..."
"DEFAULT_DASHBOARD_VIEW","デフォルトのダッシュボードビュー"
"MAP_VIEW","地図を表示"
"LIST_VIEW","リストビュー"
"SEARCH_CUSTOMER","検索カスタマー"
"UNABLE_TO_AUTO_ASSIGN","オートアサインにできません。"
"AUTO_ASSIGNING","自動割り当て"
"NO_AGENT","利用できませんエージェント"
"VERSION","バージョン"
"BATTERY","電池"
"DEVICE","デバイス"
"NA","NA"
"IOS","iOS版"
"ANDROID","アンドロイド"
"AGENT_ID","エージェントID"
"AGENT_NOT_OPTIMIZED","エージェントのルートが最適化されていません。"
"OPTIMIZE_NOW","今すぐ最適化"
"ALL_INCLUSIVE","all_inclusive"
"HELP_OUTLINE","help_outline"
"CUSTOM","カスタム"
"DURATION","期間"
"VALUE_REQUIRED","この値は、必要とされます。"
"VIEW_EDIT","エージェントは表示＆編集することができます"
"SELECT_TAGS","タグを選択"
"TAG_NAME","タグ名"
"OFF_DUTY","OFF DUTY"
"ON_DUTY","DUTY ON"
"EDIT_AGENT","編集エージェント"
"BLOCK","ブロック"
"INFO","インフォ"
"VIEW_ALL","全てを見ます"
"NO_TASK_AVAILABLE","その日のために利用できませんタスク"
"ASSIGNED","割り当てられました"
"UNASSIGNED","未割り当て"
"SHOW_MORE","もっと見せる"
"EXPORT_PDF","PDFとしてエクスポート"
"EXPORT_CSV","CSVとしてエクスポート"
"SHOW_ON_MAP","地図上に表示"
"retry","リトライ"
"no_recipient","ません受信者"
"ACTIVE","アクティブ"
"TOTAL","合計"
"PUT_OFF_DUTY","非番入れ"
"iOS_TEXT","iOS版"
"HELP_TEXT_5","アクティブ/アイドル状態になるために、モバイルアプリにログインする必要があります。"
"SEARCH_AGENTS","サーチ"
"LEFT","左"
"SHOW_TRAFFIC_LAYER","トラフィックのレイヤを表示"
"HIDE_COMPLETED_TASKS","完了したタスクを隠します"
"SHOW_DARK_MAP","ダーク地図を表示します"
"CHECK_CIRCLE","check_circle"
"RADIO_BUTTON","radio_button_unchecked"
"SHOW_SATELLITE","サテライトビューを表示"
"ARROW_DROP_DOWN","arrow_drop_down"
"ARROW_DROP_UP","arrow_drop_up"
"HIDE_OFFLINE","オフラインエージェントを隠します"
"SHOW_TASKS_IN_CLUSTERS","クラスタでの表示のタスク"
"SHOW_WEB_NOTIFICATION","ショーのWeb通知"
"SATELLITE","衛星"
"ROUTED_TASKS","ROUTED TASKS"
"OTHER_TASKS","その他のタスク"
"MOVING","移動します"
"STOPPAGE","停止"
"TRAVELLED","旅"
"Optimize_ROUTE","ルートの最適化"
"VIEW_DETAILS","作業ウィンドウで表示の詳細"
"CONTENT_COPY","content_copy"
"PERSON_OUTLINE","person_outline"
"RECURRING_TASK","反復タスク"
"VIEW_RECURRING_RULE","定期的なルールを見ます"
"CUSTOMER_COMMENT","お客様のコメント"
"ONE_ATTACHMENT","1つのアタッチメント"
"ATTACHMENT","アタッチメント"
"S","S"
"SHOW_PATH_HISTORY","表示パスの歴史"
"ALL_STOPS","すべて停止"
"DRIVER","ドライバ"
"DRIVER_PHONE","ドライバーの電話番号"
"TASK_VEHICLE","タスクの車両"
"TASK_SOURCE","タスクのソース"
"INACTIVE","不活発"
"MORE_INFO","詳細"
"LESS_INFO","より少ない情報"
"TRY_TOOKAN_NOW","今あなたのビジネスのためのTookanをお試しください"
"FREE_SIGN_UP","無料登録"
"ARRIVED","到着した"
"PARTIAL","部分的"
"ACCEPTED","容認されました"
"STARTED","開始"
"INTRANSIT","輸送中"
"DECLINED","辞退"
"ACKNOWLEDGED","ADIは、"
"INPROGRESS","進行中"
"EFFICIENCY","効率 （％）"
"PICKUP_DELIVERY","集配"
"SEEN_BY_AGENT","エージェントから見ました"
"IGNORED","無視されました"
"SUN","S"
"MON","M"
"TUE","T"
"WED","W"
"TRU","T"
"FRI","F"
"SAT","S"
"RECORDS_PER","ページあたりのレコード"
"ZERO_RECORDS","0 0のレコードを0を表示"
"SHOWING","表示"
"ENTRIES","エントリー"
"FILTERFROM","から濾過"
"TOTAL_RECORDS","合計レコード数"
"PAID","有料"
"INVALID_VAL","無効な値"
"ENTER_PRICE","価格を入力します。"
"FACEBOOK","フェイスブック"
"SELECT_STATUS","ステータスを選択します"
"DELETE_APPOINT","予定を削除します。"
"DELETE_STOP","ストップを削除します"
"EXPORT_STOP","輸出停止"
"STOP","やめる"
"CANCEL_STOP","停止を解除"
"CHANGE_STOP_STATUS","変更停止状態"
"ALLOW_ALL","すべて許可"
"CHAR_REMAIN","残りの文字"
"TRUE","TRUE"
"FALSE","FALSE"
"ITEMS_SELECTED","選択したアイテム"
"ITEM_SELECTED","アイテムの選択"
"BY_AGENT","エージェントによって"
"SERCH_AGENTS","検索エージェント"
"IMPORT_AGENT","輸入代理店"
"INPREGRESS","進行中"
"ACCEPTED_TEXT","タスクを受け入れました。"
"ACKNOWLEDGED_TEXT","タスクを認めました。"
"STARTED_TEXT","このタスクを開始しました。"
"INPREGRESS_TEXT","目的地に到達しました。"
"COMPLETED_TEXT","タスクを正常に完了しました。"
"FAILED_TEXT_1","失敗したとして、タスクをマークしました。"
"FAILED_TEXT_2","タスクのステータスは失敗に変更されました。"
"CANCELLED_TEXT_1","キャンセルとしてタスクをマーク。"
"CANCELLED_TEXT_2","タスクがキャンセルされました"
"DECLINED_TEXT","タスクの減少となりました。"
"NO_TASK","その日のために利用できませんタスク"
"CLEAR","明確な"
"EXPORT_TABLE","輸出する"
"ORDER_ID","ご注文ID"
"FILTER_COLUMNS","フィルタ列"
"AGENT_NAME","エージェント名"
"task_status","タスクのステータス"
"TODAY_TASKS","今日のタスク"
"CUSTOM_SELECTION","カスタムセレクション"
"INCLUDE_TIMELINE","アクティビティタイムラインを含めます"
"DUPLICATE","複製"
"FILTER_TASK","日付のフィルタ"
"End_DATE","終了日"
"CHANGE","変化する"
"EDIT_TASK","タスクの編集"
"CHOOSE","アイコンを選択します。"
"TEMPLATE_CSV","あなたはCSVで見たいと思っていることを、タスクテンプレートを選択します。"
"EMAIL_CC","あなたはこのメールには他の誰をCCにいかが？"
"DELETE_THESE","あなたはこれらのタスクを削除しようとしています。"
"DELETE_THIS","このタスクを削除しようとしています。"
"TASK_CREATION","アプリケーションからのタスクの作成"
"THIS_ALLOWS","この新しいオプションができます"
"UI_REVAMPING","専用の「タスクテンプレート」のページとしての「テンプレートのセクション」のUIを刷新"
"REVAMPING_TEXT","Tookanは今、以前の「ワークフロー」タブの下に位置していた「カスタムフィールド」のための専用の列があります。この新しく改善された列には以前よりも多くのオプションを持っています。"
"DATA_TYPES","「カスタムフィールドの新しいデータ型"
"DAATA_TYPE_TEXT","テーブルのようなデータ型は、「カスタムフィールド」オプションに追加されます。"
"FILTER_OPTION","「すべてのタスクページ」の「フィルタ」オプション"
"FILTER_TEXT","「フィルタ」のオプションは、「すべてのタスクページ」に導入されます。このオプションは、「スタート」と「終了」の日付に基づいて特定のタスクを分類するために使用することができます。"
"TRACKING_STATUS","顧客追跡リンクステータス"
"TRACKING_STATUS_TEXT","この機能は、顧客が配信進捗状況の追跡リンクを開いて、しているか否かという表示する機能を持っています。"
"WEB_DASHBOARD","ウェブダッシュボードは現在、応答モバイルです"
"WEB_DASHBOARD_TEXT","ビジネスマネージャー/所有者は今、などのスマートフォン、アプリ、アンドロイドタブ、など任意のモバイルデバイス上のTookanダッシュボードを表示することができます"
"BULK_IMPORT",".csvファイルを経由してエージェントの一括インポート"
"BULK_IMPORT_TEXT","この機能により、ユーザーは、単一の回で薬を追加することができます。あなたは、作成しTookanの「エージェント節」にエージェント上のすべての情報については、CSVファイルをアップロードすることができます。"
"INTEGRATIONS","様々な統合"
"INTEGRATIONS_TEXT","Tookanが正常などZapier、Shopify、広場、QuickBooksの、Xeroなど、レヴェル、GloriaFoods、クローバー、OpenDining、ピナクルカート、との統合を行ってきました"
"CUSTOM_WEBFORMS","カスタムWebフォーム"
"CUSTOM_WEBFORMS_TEXT","ユーザーは、自分の「カスタムWebフォーム」を作成することができます。 Webフォームで作成されたすべてのタスクは自動的にダッシュボード上の「未割り当て」タブに追加されます。"
"APRIL_20","4月20日"
"EXPORT","輸出する"
"START_DATE","開始日"
"END_DATE","終了日"
"CHECK_ALL","すべてチェック"
"SET_AS_DEFAULT_TEMPLATE","既定のテンプレートとして設定します"
"GETTING","取得"
"AWAY","先に"
"BULK_ASSIGN","一括割り当て"
"UNCHECK_ALL","チェックを外しすべて"
"ANALYTICS_AND_REPORTS","分析とレポート"
"REPORTS","レポート"
"TEMP_ID","イド"
"SUCCESSFUL_TASKS","成功したタスク"
"CANCELLED_TASKS","キャンセルタスク"
"FAILED_TASKS","失敗したタスク"
"TOTAL_TASKS","総タスク"
"ONTIME_TASKS","タイムタスク"
"DELAYED_TASKS","遅延タスク"
"INTRANSIT_TIME","Intransit時間（時間）"
"IDLE_TIME","アイドル時間（時間）"
"TOTAL_TIME","合計時間（時間）"
"INTRANSIT_DISTANCE","Intransit距離（KM）"
"IDLE_DISTANCE","アイドルの距離（KM）"
"TOTAL_DISTANCE","総距離（KM）"
"TIME_PRODUCTIVITY","時間生産性（％）"
"TASK_PERFORMANCE","タスクのパフォーマンス"
"TASK_COMPLETION","タスク完了"
"TASK_COMPLETION_TITLE","成功したV / sの失敗したタスクを示すグラフです。"
"TASK_PUNCTUALITY","タスク時間厳守"
"TASK_PUNCTUALITY_TITLE","オン時のV / sの遅延タスクを示すグラフです。"
"EFFECTIVENESS","効果"
"TIME_BASED_ACTIVITY","時間ベースの活動"
"TIME_BASED_ACTIVITY_TITLE","艦隊総intransitのV / sの合計アイドル時間を示すグラフです。"
"DISTANCE_BASED_ACTIVITY","距離ベースの活動"
"DISTANCE_BASED_ACTIVITY_TITLE","艦隊総intransitとアイドルの距離を示すグラフです。"
"TIME_BASED_PRODUCTIVITY","時間ベースの生産"
"TIME_BASED_PRODUCTIVITY_TITLE","合計作業時間比率にintransitに基づく艦隊効率を示すグラフです。"
"TASK_EFFICIENCY","タスクの効率性"
"SUCCESSFUL_TASK","成功しました"
"SUCCESSFUL_TASK_TITLE","総タスク比に成功したグラフは、パーセンテージで表しました。"
"ON_TIME_TASK_TITLE","総タスク比にオン時間を示すグラフは、パーセンテージで表しました。"
"PAST_WEEK","この1週間"
"PAST_MONTH","前月"
"CUSTOM_DATE","カスタム日付"
"EXPORT_REPORT","レポートのエクスポート"
"ON_TIME_TASK","定刻"
"INTRANSIT_DISTANCE_UNIT","Intransit距離"
"IDLE_DISTANCE_UNIT","アイドルの距離"
"TOTAL_DISTANCE_UNIT","総距離"
"EARNINGS","利益"
"PRICINGS","価格"
"PRICING_EARNINGS","価格とご獲得"
"TOTAL_ASSIGNED_TASKS","総割り当てられたタスク"
"BALANCE_TASKS","バランスのタスク"
"DECLINED_TASKS","減少したタスク"
"DAYS","日々"
"DELAYED","遅延"
"COMPLETION","完了"
"PUNCTUALITY","正確"
"IN_HOURS","営業時間内"
"PRODUCTIVITY","生産性"
"IN_PERCENT","パーセントで"
"TOTAL_DELETED_TASKS","合計削除タスク"
"CUSTOMER_PRICING","お客様の価格"
"CANCELLED_TASK","キャンセル"
"FAILED_TASK","失敗しました。"
"TOTAL_ASSIGNED_TASK","割り当てられた合計"
"BALANCE_TASK","バランス"
"DECLINED_TASK","辞退"
"TOTAL_TASK","トータル"
"AGENT_EARNINGS","エージェントの利益"
"Atribuir equipe (s)","エージェントを追加する許可"
"COPY","コピー"
"CONFIRM","確認します"
"DONE","終わりました"
"CLOSE","閉じる"
"SAVE","セーブ"
"CLICK","クリック"
"NEXT","次"
"BACK","バック"
"CREATE_NEW","新しく作る"
"CLICK_HERE","ここをクリック"
"VIEW","ビュー"
"UNBLOCK","ブロックを解除"
"PREVIOUS","前"
"COPIED","コピーされました"
"HIDE","隠す"
"BACK_TO_ALL_TASKS","戻る[すべてのタスク]を"
"OTHER_DETAILS","その他の情報"
"RECURRING_RULE","経常ルール"
"DUPLICATE_RULE","ルールを複製"
"DELETE_RULE","ルールの削除"
"REPEAT_TASKS","リピートタスク"
"COMPLETED_TASKS","完了したタスク"
"PROJECTED_TASKS","写し出されたタスク"
"PROJECTED_OCCURENCES","写し出さ発生箇所"
"CANCEL_SELECTED","キャンセル選択"
"COMPLETED_REPEATED_TASKS","完了したタスクを繰り返します"
"EXPORT_TASKS","エクスポートタスク"
"TASK_TIMINGS","タスクのタイミング"
"RULE_DELETED","このルールは削除されました"
"UPCOMING_TASKS","今後の課題"
"ARE_YOU_SURE","本気ですか"
"DISABLE_ONLY","のみ無効にします"
"CANT_DISABLE","選択した日付にタスクを無効にしようとしています。"
"SURE_DELETE","あなたはこのルールを削除してもよろしいですか？"
"SUMMARY","概要"
"NO_FUTURE_TASKS","いいえ今後の課題ありません"
"COMPLETED_RECURRING_TASKS","完成した反復タスク"
"CARRY_FORWARD","繰り越します"
"GEOFENCES","ジオフェンス"
"no","ノー"
"available_for_the_day","その日のために利用可能"
"FARE_EARNED_END","各タスクの"
"FARE_EARNED_START","運賃が獲得しました"
"COMMISION_CHARGE_AGENT","委員会は、各タスクのためにエージェントに充電しました"
"EARNING","収益"
"BASE_FARE_EARNED_START","基本料金は、エージェントが獲得したとタスク完了に顧客に課金します"
"BASE_FARE_EARNED_END","タスクの完了時にエージェントによって獲得したベースの運賃"
"FARE_EARNED_DURATION_END","毎分エージェントが獲得した運賃"
"FARE_EARNED_DISTANCE_END","Agentまたはすべての{}キロで獲得した運賃は、タスクのための旅しました"
"PERCENTAGE_TOTAL_EARNING","エージェントの収益から控除合計運賃の割合"
"FARE_CHARGE_CUSTMER","それぞれの顧客に課金運賃"
"PERCENTAGE_GIVEN_CUSTOMER","割引率は、顧客に与えられました"
"BASE_FARE_CHARGED_CUSTOMER","上の顧客に課金基本料金"
"FARE_CHARGED_CUSTOMER_MINUTE","毎分顧客に課金運賃"
"FARE_CHARGED_CUSTOMER_DISTANCE","すべての{}キロのために顧客に課金運賃がために旅しました"
"FARE_DEDUCTION_CUSTOMER","顧客のための割引として控除合計運賃の割合"
"EARNING_N_PRICING","ご獲得と価格の両方"
"FARE_CHARG_CUST_EARN_AGENT","運賃顧客への充電や各エージェントが獲得しました"
"PER_DIS_CUSTOMER_COMMISION_CHARGE_AGENT","顧客や委員会に与えられた割引率は、それぞれのエージェントに充電しました"
"CHARGED_TO_CUSTOMER_ON","そして上の顧客に課金"
"CHARGED_TO_CUSTOMER_ONMINUTE","毎分顧客に課金"
"CHARGED_TO_CUSTOMER_DISTANCE","すべての{キロ}の旅のために、顧客に課金"
"EARNING_AS_DISC_CUSTOMER","エージェントの収益から、顧客のための割引として控除合計運賃の割合"
"HI","こんにちは"
"NICE_TO_MEET","はじめまして"
"SEND_LINKS","私たちは、モバイルアプリをダウンロードするためにあなたのリンクや資格情報を送信する際に使用します。"
"LAST_ONE","これは本当に最後のものです"
"GLAD_TO_HAVE","私たちは、乗ってあなたを持っていてうれしいです。"
"TAKE_TOUR","ツアーに参加します"
"ALMOST_THERE","もうすぐそこ"
"CONGRATULATIONS","おめでとうございます！"
"FIRST_TASK","あなたの最初のタスクを作成するに"
"HAPPY_DISPATCHING","ハッピー派遣"
"CANT_FIND","私たちは、このページを見つけることができませんでした。"
"PAGE_DONT_EXIT","あなたが探しているページは存在しません。"
"search_placeholder_cusotmer","Cusotmerで検索タスク"
"SMALL_ICON","小さいアイコンを選択します。"
"NAVIGATION","ナビゲーションICON"
"SCOPE","範囲"
"LIMITED","限られました"
"GLOBAL","グローバル"
"MAX_LIMIT","上限50の文字"
"LONG_DESCRIPTION","長い説明"
"PROMO_SETTINGS","プロモーション設定"
"COUPON_CODE","クーポンコード"
"FLAT_OFF","フラットオフ"
"PERCENT_OFF","パーセントオフ"
"VALUE_GRETER_MSG","この値は1より大きくなければなりません。"
"DATE_AND_TIME","日時"
"START","開始"
"END","終わり"
"END_TIME_GREATER_MSG","終了時間は現在の時刻よりも大きくなければなりません。"
"USAGE","使用法"
"MAX_USAGE_TOTAL","PROMOTIONは（合計で）使用できる最大TIMES"
"MAX_USAGE_PER_CUSTOMER","顧客ごと最大使用量"
"CREATE_A_PROMOTION","プロモーションを作成"
"EDIT_PROMOTION","編集推進"
"START_DATE_TIME","日付と時刻を開始"
"END_DATE_TIME","終了日時"
"FLAT","平らな"
"OFF","オフ"
"FREE_CREDITS","無料クレジット"
"FREE_TASKS","無料のタスク"
"PROMOTION","プロモーション"
"COUPON","クーポン"
"REFERRAL","REFERRAL"
"AMT_TO_BE_DISCOUNTED","割り引かれる金額"
"SELECT_START_DATE_TIME","[開始日時を選択します"
"SELECT_END_DATE_TIME","終了日時を選択します"
"SHORT_DESC","プロモーションの簡単な説明"
"DETAILED_DESC","プロモーションの詳細説明"
"PERCENTAGE_TO_BE_DISCOUNTED","％が割り引かなければ"
"sign_up_for_free","無料アカウントにサインアップする！"
"signing_up","サインアップ"
"sign_up_successful","サインアップに成功"
"valid_email","正しいメールアドレスを入力してください"
"field_required","この項目は必須です。"
"try_tookan_free","14日間の無料お試しTookan"
"oops_email_alredy_exist","おっと、このメールのアカウントがすでに存在しています。このアカウントの所有者であれば、してください"
"login_to_continue","継続するには、ログイン。"
"pwd_must_6_char","パスワードは少なくとも6つの文字でなければなりません"
"setting_up_dashboard","ダッシュボードを設定！"
"initiating_walkthrough","チュートリアルを開始"
"download_agent_app","エージェントアプリケーションをダウンロード"
"sent_sms_to_download_app","私達は私達のエージェントアプリをダウンロードするためのSMS / Eメールを送ってきました。"
"login_with_cred","彼らは自分に割り当てられているとすぐに新しいタスクの受信を開始するためにあなたの資格情報を使用してログインしてください。"
"login_with_credentials","資格情報："
"walk_for_product_demo","これは、製品のデモンストレーションのためのチュートリアルです - スキップ"
"adding_2_dummy","2つのダミーのエージェントを追加します"
"added_2_dummy_agents","私たちは、チュートリアルを完了するためにあなたのチームに2つのダミーエージェントを追加しました。"
"new_received_task","新たな受信タスク"
"see_all_your_task","ここでは、すべてのタスク/オーダー/予約は顧客から受け取った表示されます。"
"smart_auto_assignment","スマート自動割り当て"
"smart_engine","当社のスマートエンジンが自動的にタスクを完了するために利用可能な最善のエージェントを見つけるでしょう。"
"agent_live_tracking","エージェントのライブ追跡"
"track_the_location","あなたはここで、リアルタイムですべてのあなたのエージェントの位置を追跡することができるようになります。"
"walk_complete","あなたのチュートリアルでは、これで完了です。"
"successfully_added_first_task","あなたは正常に追加＆あなたの最初のタスクを割り当てます。今、あなたはあなた自身のプラットフォームを探検する準備が整いました。あなたは今まで手が必要な場合は、お気軽にお問い合わせ。"
"go_to_your_dashboard","अपने डैशबोर्ड पर जाएं"
"streamline_your_business","एक हवा के साथ अपने व्यापार के संचालन को सरल बनाने के लिए, अपने पहले कार्य में जोड़ने के लिए नीचे क्लिक करें।"
"always_click_here_to_create_task","तुम हमेशा तुरन्त कार्य बनाने के लिए यहां क्लिक कर सकते।"
"click_here_to_add_manage_agents","अपने एजेंटों को जोड़ने या प्रबंधन करने के लिए यहां क्लिक करें।"
"invite_all_agents","अपने सभी एजेंटों को आमंत्रित करें और उन्हें वास्तविक समय में ट्रैकिंग शुरू।"
"add_your_own_agents","अपने स्वयं के एजेंट जोड़े"
"resend_link","पुन: भेजें लिंक"
"do_you_want_skip","क्या तुम सच में पूर्वाभ्यास को छोड़ करना चाहते हैं?"
"skip_walk","स्किप पूर्वाभ्यास"
"click_to_choose","चुनें के लिए क्लिक करें"
"ecommerce","ई-कॉमर्स"
"medical_delivery","चिकित्सा प्रसव"
"health_care","स्वास्थ्य देखभाल"
"spa_services","स्पा सेवाओं"
"can_change_workflow","आप कभी भी सेटिंग पैनल से अपने कार्यप्रवाह को बदल सकते हैं"
"choose_your_workflow","अपने कार्यप्रवाह चुनें"